Using pre-set license
Built from '2022.3/staging' branch; Version is '2022.3.41f1 (0f988161febf) revision 1022081'; Using compiler version '192829333'; Build Type 'Release'
OS: 'Windows 11  (10.0.22631) 64bit CoreSingleLanguage' Language: 'pt' Physical Memory: 16068 MB
BatchMode: 1, IsHumanControllingUs: 0, StartBugReporterOnCrash: 0, Is64bit: 1, IsPro: 1

COMMAND LINE ARGUMENTS:
C:\Program Files\Unity\Hub\Editor\2022.3.41f1\Editor\Unity.exe
-adb2
-batchMode
-noUpm
-name
AssetImportWorker1
-projectPath
C:/Users/Igor/Rebuilding Challenge/RebuildingChallenge
-logFile
Logs/AssetImportWorker1.log
-srvPort
51168
Successfully changed project path to: C:/Users/Igor/Rebuilding Challenge/RebuildingChallenge
C:/Users/Igor/Rebuilding Challenge/RebuildingChallenge
[UnityMemory] Configuration Parameters - Can be set up in boot.config
    "memorysetup-bucket-allocator-granularity=16"
    "memorysetup-bucket-allocator-bucket-count=8"
    "memorysetup-bucket-allocator-block-size=33554432"
    "memorysetup-bucket-allocator-block-count=8"
    "memorysetup-main-allocator-block-size=16777216"
    "memorysetup-thread-allocator-block-size=16777216"
    "memorysetup-gfx-main-allocator-block-size=16777216"
    "memorysetup-gfx-thread-allocator-block-size=16777216"
    "memorysetup-cache-allocator-block-size=4194304"
    "memorysetup-typetree-allocator-block-size=2097152"
    "memorysetup-profiler-bucket-allocator-granularity=16"
    "memorysetup-profiler-bucket-allocator-bucket-count=8"
    "memorysetup-profiler-bucket-allocator-block-size=33554432"
    "memorysetup-profiler-bucket-allocator-block-count=8"
    "memorysetup-profiler-allocator-block-size=16777216"
    "memorysetup-profiler-editor-allocator-block-size=1048576"
    "memorysetup-temp-allocator-size-main=16777216"
    "memorysetup-job-temp-allocator-block-size=2097152"
    "memorysetup-job-temp-allocator-block-size-background=1048576"
    "memorysetup-job-temp-allocator-reduction-small-platforms=262144"
    "memorysetup-allocator-temp-initial-block-size-main=262144"
    "memorysetup-allocator-temp-initial-block-size-worker=262144"
    "memorysetup-temp-allocator-size-background-worker=32768"
    "memorysetup-temp-allocator-size-job-worker=262144"
    "memorysetup-temp-allocator-size-preload-manager=33554432"
    "memorysetup-temp-allocator-size-nav-mesh-worker=65536"
    "memorysetup-temp-allocator-size-audio-worker=65536"
    "memorysetup-temp-allocator-size-cloud-worker=32768"
    "memorysetup-temp-allocator-size-gi-baking-worker=262144"
    "memorysetup-temp-allocator-size-gfx=262144"
Player connection [11560]  Target information:

Player connection [11560]  * "[IP] 192.168.1.19 [Port] 0 [Flags] 2 [Guid] 1011566338 [EditorId] 1011566338 [Version] 1048832 [Id] WindowsEditor(7,DELL) [Debug] 1 [PackageName] WindowsEditor [ProjectName] Editor" 

Player connection [11560] Host joined multi-casting on [225.0.0.222:54997]...
Player connection [11560] Host joined alternative multi-casting on [225.0.0.222:34997]...
[PhysX] Initialized MultithreadedTaskDispatcher with 20 workers.
Refreshing native plugins compatible for Editor in 0.00 ms, found 0 plugins.
Preloading 0 native plugins for Editor in 0.00 ms.
Initialize engine version: 2022.3.41f1 (0f988161febf)
[Subsystems] Discovering subsystems at path C:/Program Files/Unity/Hub/Editor/2022.3.41f1/Editor/Data/Resources/UnitySubsystems
[Subsystems] Discovering subsystems at path C:/Users/Igor/Rebuilding Challenge/RebuildingChallenge/Assets
GfxDevice: creating device client; threaded=0; jobified=0
Direct3D:
    Version:  Direct3D 11.0 [level 11.1]
    Renderer: NVIDIA GeForce RTX 4050 Laptop GPU (ID=0x28e1)
    Vendor:   NVIDIA
    VRAM:     5921 MB
    Driver:   32.0.15.5599
Initialize mono
Mono path[0] = 'C:/Program Files/Unity/Hub/Editor/2022.3.41f1/Editor/Data/Managed'
Mono path[1] = 'C:/Program Files/Unity/Hub/Editor/2022.3.41f1/Editor/Data/MonoBleedingEdge/lib/mono/unityjit-win32'
Mono config path = 'C:/Program Files/Unity/Hub/Editor/2022.3.41f1/Editor/Data/MonoBleedingEdge/etc'
Using monoOptions --debugger-agent=transport=dt_socket,embedding=1,server=y,suspend=n,address=127.0.0.1:56580
Begin MonoManager ReloadAssembly
Registering precompiled unity dll's ...
Register platform support module: C:/Program Files/Unity/Hub/Editor/2022.3.41f1/Editor/Data/PlaybackEngines/WebGLSupport/UnityEditor.WebGL.Extensions.dll
Register platform support module: C:/Program Files/Unity/Hub/Editor/2022.3.41f1/Editor/Data/PlaybackEngines/WindowsStandaloneSupport/UnityEditor.WindowsStandalone.Extensions.dll
Registered in 0.004614 seconds.
- Loaded All Assemblies, in  0.253 seconds
Native extension for WindowsStandalone target not found
Native extension for WebGL target not found
Mono: successfully reloaded assembly
- Finished resetting the current domain, in  0.184 seconds
Domain Reload Profiling: 436ms
	BeginReloadAssembly (75ms)
		ExecutionOrderSort (0ms)
		DisableScriptedObjects (0ms)
		BackupInstance (0ms)
		ReleaseScriptingObjects (0ms)
		CreateAndSetChildDomain (1ms)
	RebuildCommonClasses (22ms)
	RebuildNativeTypeToScriptingClass (7ms)
	initialDomainReloadingComplete (40ms)
	LoadAllAssembliesAndSetupDomain (108ms)
		LoadAssemblies (73ms)
		RebuildTransferFunctionScriptingTraits (0ms)
		AnalyzeDomain (107ms)
			TypeCache.Refresh (106ms)
				TypeCache.ScanAssembly (96ms)
			ScanForSourceGeneratedMonoScriptInfo (0ms)
			ResolveRequiredComponents (0ms)
	FinalizeReload (184ms)
		ReleaseScriptCaches (0ms)
		RebuildScriptCaches (0ms)
		SetupLoadedEditorAssemblies (153ms)
			LogAssemblyErrors (0ms)
			InitializePlatformSupportModulesInManaged (8ms)
			SetLoadedEditorAssemblies (4ms)
			RefreshPlugins (0ms)
			BeforeProcessingInitializeOnLoad (2ms)
			ProcessInitializeOnLoadAttributes (106ms)
			ProcessInitializeOnLoadMethodAttributes (33ms)
			AfterProcessingInitializeOnLoad (0ms)
			EditorAssembliesLoaded (0ms)
		ExecutionOrderSort2 (0ms)
		AwakeInstancesAfterBackupRestoration (0ms)
========================================================================
Worker process is ready to serve import requests
Caller must complete domain reload
Begin MonoManager ReloadAssembly
- Loaded All Assemblies, in  0.157 seconds
Native extension for WindowsStandalone target not found
Native extension for WebGL target not found
Mono: successfully reloaded assembly
- Finished resetting the current domain, in  0.227 seconds
Domain Reload Profiling: 383ms
	BeginReloadAssembly (103ms)
		ExecutionOrderSort (0ms)
		DisableScriptedObjects (3ms)
		BackupInstance (0ms)
		ReleaseScriptingObjects (0ms)
		CreateAndSetChildDomain (17ms)
	RebuildCommonClasses (23ms)
	RebuildNativeTypeToScriptingClass (8ms)
	initialDomainReloadingComplete (16ms)
	LoadAllAssembliesAndSetupDomain (6ms)
		LoadAssemblies (56ms)
		RebuildTransferFunctionScriptingTraits (0ms)
		AnalyzeDomain (4ms)
			TypeCache.Refresh (3ms)
				TypeCache.ScanAssembly (0ms)
			ScanForSourceGeneratedMonoScriptInfo (0ms)
			ResolveRequiredComponents (0ms)
	FinalizeReload (228ms)
		ReleaseScriptCaches (0ms)
		RebuildScriptCaches (0ms)
		SetupLoadedEditorAssemblies (145ms)
			LogAssemblyErrors (0ms)
			InitializePlatformSupportModulesInManaged (5ms)
			SetLoadedEditorAssemblies (4ms)
			RefreshPlugins (0ms)
			BeforeProcessingInitializeOnLoad (19ms)
			ProcessInitializeOnLoadAttributes (98ms)
			ProcessInitializeOnLoadMethodAttributes (15ms)
			AfterProcessingInitializeOnLoad (5ms)
			EditorAssembliesLoaded (0ms)
		ExecutionOrderSort2 (0ms)
		AwakeInstancesAfterBackupRestoration (5ms)
Launched and connected shader compiler UnityShaderCompiler.exe after 0.04 seconds
Refreshing native plugins compatible for Editor in 0.00 ms, found 0 plugins.
Preloading 0 native plugins for Editor in 0.00 ms.
Unloading 10 Unused Serialized files (Serialized files now loaded: 0)
Unloading 3 unused Assets / (48.8 KB). Loaded Objects now: 480.
Memory consumption went from 49.8 MB to 49.8 MB.
Total: 1.764300 ms (FindLiveObjects: 0.026100 ms CreateObjectMapping: 0.003400 ms MarkObjects: 1.679700 ms  DeleteObjects: 0.053900 ms)

AssetImportParameters requested are different than current active one (requested -> active):
  custom:video-decoder-ogg-theora: a1e56fd34408186e4bbccfd4996cb3dc -> 
  custom:container-muxer-webm: aa71ff27fc2769a1b78a27578f13a17b -> 
  custom:container-demuxer-webm: 4f35f7cbe854078d1ac9338744f61a02 -> 
  custom:video-encoder-webm-vp8: eb34c28f22e8b96e1ab97ce403110664 -> 
  custom:video-codec-MediaFoundation-h265: 746d11721c4dcdbdad8f713fa42b33f4 -> 
  custom:CustomObjectIndexerAttribute: 9a22284fe3817be447336de3de66b15e -> 
  custom:audio-encoder-webm-vorbis: bf7c407c2cedff20999df2af8eb42d56 -> 
  custom:framework-win-MediaFoundation: 216162199b28c13a410421893ffa2e32 -> 
  custom:SearchIndexIgnoredProperties: e643bd26f0fe6173181afceb89e7c659 -> 
  custom:container-demuxer-ogg: 62fdf1f143b41e24485cea50d1cbac27 -> 
  custom:video-decoder-webm-vp8: 9c59270c3fd7afecdb556c50c9e8de78 -> 
  custom:audio-decoder-ogg-vorbis: bf7c407c2cedff20999df2af8eb42d56 -> 
  custom:AudioImporter_EditorPlatform: d09bf68614088b80899f8185d706f6e7 -> 
========================================================================
Received Prepare
Caller must complete domain reload
Begin MonoManager ReloadAssembly
- Loaded All Assemblies, in  0.158 seconds
Native extension for WindowsStandalone target not found
Native extension for WebGL target not found
Mono: successfully reloaded assembly
- Finished resetting the current domain, in  0.212 seconds
Domain Reload Profiling: 369ms
	BeginReloadAssembly (103ms)
		ExecutionOrderSort (0ms)
		DisableScriptedObjects (3ms)
		BackupInstance (0ms)
		ReleaseScriptingObjects (0ms)
		CreateAndSetChildDomain (11ms)
	RebuildCommonClasses (25ms)
	RebuildNativeTypeToScriptingClass (7ms)
	initialDomainReloadingComplete (16ms)
	LoadAllAssembliesAndSetupDomain (6ms)
		LoadAssemblies (65ms)
		RebuildTransferFunctionScriptingTraits (0ms)
		AnalyzeDomain (4ms)
			TypeCache.Refresh (3ms)
				TypeCache.ScanAssembly (0ms)
			ScanForSourceGeneratedMonoScriptInfo (0ms)
			ResolveRequiredComponents (0ms)
	FinalizeReload (212ms)
		ReleaseScriptCaches (0ms)
		RebuildScriptCaches (0ms)
		SetupLoadedEditorAssemblies (133ms)
			LogAssemblyErrors (0ms)
			InitializePlatformSupportModulesInManaged (5ms)
			SetLoadedEditorAssemblies (4ms)
			RefreshPlugins (0ms)
			BeforeProcessingInitializeOnLoad (18ms)
			ProcessInitializeOnLoadAttributes (90ms)
			ProcessInitializeOnLoadMethodAttributes (13ms)
			AfterProcessingInitializeOnLoad (4ms)
			EditorAssembliesLoaded (0ms)
		ExecutionOrderSort2 (0ms)
		AwakeInstancesAfterBackupRestoration (4ms)
Refreshing native plugins compatible for Editor in 0.00 ms, found 0 plugins.
Preloading 0 native plugins for Editor in 0.00 ms.
Unloading 5 Unused Serialized files (Serialized files now loaded: 0)
Unloading 1 unused Assets / (11.8 KB). Loaded Objects now: 480.
Memory consumption went from 49.3 MB to 49.3 MB.
Total: 1.500500 ms (FindLiveObjects: 0.024600 ms CreateObjectMapping: 0.003000 ms MarkObjects: 1.456000 ms  DeleteObjects: 0.016300 ms)

Prepare: number of updated asset objects reloaded= 0
AssetImportParameters requested are different than current active one (requested -> active):
  custom:video-decoder-ogg-theora: a1e56fd34408186e4bbccfd4996cb3dc -> 
  custom:container-muxer-webm: aa71ff27fc2769a1b78a27578f13a17b -> 
  custom:container-demuxer-webm: 4f35f7cbe854078d1ac9338744f61a02 -> 
  custom:video-encoder-webm-vp8: eb34c28f22e8b96e1ab97ce403110664 -> 
  custom:video-codec-MediaFoundation-h265: 746d11721c4dcdbdad8f713fa42b33f4 -> 
  custom:CustomObjectIndexerAttribute: 9a22284fe3817be447336de3de66b15e -> 
  custom:audio-encoder-webm-vorbis: bf7c407c2cedff20999df2af8eb42d56 -> 
  custom:framework-win-MediaFoundation: 216162199b28c13a410421893ffa2e32 -> 
  custom:SearchIndexIgnoredProperties: e643bd26f0fe6173181afceb89e7c659 -> 
  custom:container-demuxer-ogg: 62fdf1f143b41e24485cea50d1cbac27 -> 
  custom:video-decoder-webm-vp8: 9c59270c3fd7afecdb556c50c9e8de78 -> 
  custom:audio-decoder-ogg-vorbis: bf7c407c2cedff20999df2af8eb42d56 -> 
  custom:AudioImporter_EditorPlatform: d09bf68614088b80899f8185d706f6e7 -> 
========================================================================
Received Prepare
Caller must complete domain reload
Begin MonoManager ReloadAssembly
- Loaded All Assemblies, in  0.150 seconds
Native extension for WindowsStandalone target not found
Native extension for WebGL target not found
Mono: successfully reloaded assembly
- Finished resetting the current domain, in  0.230 seconds
Domain Reload Profiling: 378ms
	BeginReloadAssembly (95ms)
		ExecutionOrderSort (0ms)
		DisableScriptedObjects (3ms)
		BackupInstance (0ms)
		ReleaseScriptingObjects (0ms)
		CreateAndSetChildDomain (12ms)
	RebuildCommonClasses (23ms)
	RebuildNativeTypeToScriptingClass (7ms)
	initialDomainReloadingComplete (16ms)
	LoadAllAssembliesAndSetupDomain (6ms)
		LoadAssemblies (60ms)
		RebuildTransferFunctionScriptingTraits (0ms)
		AnalyzeDomain (5ms)
			TypeCache.Refresh (3ms)
				TypeCache.ScanAssembly (0ms)
			ScanForSourceGeneratedMonoScriptInfo (0ms)
			ResolveRequiredComponents (0ms)
	FinalizeReload (230ms)
		ReleaseScriptCaches (0ms)
		RebuildScriptCaches (0ms)
		SetupLoadedEditorAssemblies (149ms)
			LogAssemblyErrors (0ms)
			InitializePlatformSupportModulesInManaged (6ms)
			SetLoadedEditorAssemblies (4ms)
			RefreshPlugins (0ms)
			BeforeProcessingInitializeOnLoad (28ms)
			ProcessInitializeOnLoadAttributes (95ms)
			ProcessInitializeOnLoadMethodAttributes (12ms)
			AfterProcessingInitializeOnLoad (4ms)
			EditorAssembliesLoaded (0ms)
		ExecutionOrderSort2 (0ms)
		AwakeInstancesAfterBackupRestoration (4ms)
Refreshing native plugins compatible for Editor in 0.00 ms, found 0 plugins.
Preloading 0 native plugins for Editor in 0.00 ms.
Unloading 5 Unused Serialized files (Serialized files now loaded: 0)
Unloading 1 unused Assets / (11.8 KB). Loaded Objects now: 480.
Memory consumption went from 49.3 MB to 49.3 MB.
Total: 1.526100 ms (FindLiveObjects: 0.022700 ms CreateObjectMapping: 0.003000 ms MarkObjects: 1.489400 ms  DeleteObjects: 0.010200 ms)

Prepare: number of updated asset objects reloaded= 0
AssetImportParameters requested are different than current active one (requested -> active):
  custom:video-decoder-ogg-theora: a1e56fd34408186e4bbccfd4996cb3dc -> 
  custom:container-muxer-webm: aa71ff27fc2769a1b78a27578f13a17b -> 
  custom:container-demuxer-webm: 4f35f7cbe854078d1ac9338744f61a02 -> 
  custom:video-encoder-webm-vp8: eb34c28f22e8b96e1ab97ce403110664 -> 
  custom:video-codec-MediaFoundation-h265: 746d11721c4dcdbdad8f713fa42b33f4 -> 
  custom:CustomObjectIndexerAttribute: 9a22284fe3817be447336de3de66b15e -> 
  custom:audio-encoder-webm-vorbis: bf7c407c2cedff20999df2af8eb42d56 -> 
  custom:framework-win-MediaFoundation: 216162199b28c13a410421893ffa2e32 -> 
  custom:SearchIndexIgnoredProperties: e643bd26f0fe6173181afceb89e7c659 -> 
  custom:container-demuxer-ogg: 62fdf1f143b41e24485cea50d1cbac27 -> 
  custom:video-decoder-webm-vp8: 9c59270c3fd7afecdb556c50c9e8de78 -> 
  custom:audio-decoder-ogg-vorbis: bf7c407c2cedff20999df2af8eb42d56 -> 
  custom:AudioImporter_EditorPlatform: d09bf68614088b80899f8185d706f6e7 -> 
========================================================================
Received Import Request.
  Time since last request: 138795.796862 seconds.
  path: Assets/Components/Builder.prefab
  artifactKey: Guid(dc233e65d39cd32479f33577d4439c00) Importer(815301076,1909f56bfc062723c751e8b465ee728b)
Start importing Assets/Components/Builder.prefab using Guid(dc233e65d39cd32479f33577d4439c00) Importer(815301076,1909f56bfc062723c751e8b465ee728b) [PhysX] Initialized MultithreadedTaskDispatcher with 20 workers.
 -> (artifact id: '84d7815fb58624dc9687b9f727feb318') in 0.002830 seconds
Number of updated asset objects reloaded before import = 0
Number of asset objects unloaded after import = 0
========================================================================
Received Prepare
Caller must complete domain reload
Begin MonoManager ReloadAssembly
- Loaded All Assemblies, in  0.155 seconds
Native extension for WindowsStandalone target not found
Native extension for WebGL target not found
Mono: successfully reloaded assembly
- Finished resetting the current domain, in  0.224 seconds
Domain Reload Profiling: 378ms
	BeginReloadAssembly (95ms)
		ExecutionOrderSort (0ms)
		DisableScriptedObjects (4ms)
		BackupInstance (0ms)
		ReleaseScriptingObjects (0ms)
		CreateAndSetChildDomain (13ms)
	RebuildCommonClasses (27ms)
	RebuildNativeTypeToScriptingClass (9ms)
	initialDomainReloadingComplete (17ms)
	LoadAllAssembliesAndSetupDomain (5ms)
		LoadAssemblies (57ms)
		RebuildTransferFunctionScriptingTraits (0ms)
		AnalyzeDomain (3ms)
			TypeCache.Refresh (2ms)
				TypeCache.ScanAssembly (0ms)
			ScanForSourceGeneratedMonoScriptInfo (0ms)
			ResolveRequiredComponents (0ms)
	FinalizeReload (224ms)
		ReleaseScriptCaches (0ms)
		RebuildScriptCaches (0ms)
		SetupLoadedEditorAssemblies (135ms)
			LogAssemblyErrors (0ms)
			InitializePlatformSupportModulesInManaged (5ms)
			SetLoadedEditorAssemblies (4ms)
			RefreshPlugins (0ms)
			BeforeProcessingInitializeOnLoad (18ms)
			ProcessInitializeOnLoadAttributes (92ms)
			ProcessInitializeOnLoadMethodAttributes (12ms)
			AfterProcessingInitializeOnLoad (5ms)
			EditorAssembliesLoaded (0ms)
		ExecutionOrderSort2 (0ms)
		AwakeInstancesAfterBackupRestoration (5ms)
Refreshing native plugins compatible for Editor in 0.00 ms, found 0 plugins.
Preloading 0 native plugins for Editor in 0.00 ms.
Unloading 4 Unused Serialized files (Serialized files now loaded: 0)
Unloading 1 unused Assets / (9.7 KB). Loaded Objects now: 480.
Memory consumption went from 49.0 MB to 49.0 MB.
Total: 1.663300 ms (FindLiveObjects: 0.022500 ms CreateObjectMapping: 0.002700 ms MarkObjects: 1.620300 ms  DeleteObjects: 0.017000 ms)

Prepare: number of updated asset objects reloaded= 0
AssetImportParameters requested are different than current active one (requested -> active):
  custom:video-decoder-ogg-theora: a1e56fd34408186e4bbccfd4996cb3dc -> 
  custom:container-muxer-webm: aa71ff27fc2769a1b78a27578f13a17b -> 
  custom:container-demuxer-webm: 4f35f7cbe854078d1ac9338744f61a02 -> 
  custom:video-encoder-webm-vp8: eb34c28f22e8b96e1ab97ce403110664 -> 
  custom:video-codec-MediaFoundation-h265: 746d11721c4dcdbdad8f713fa42b33f4 -> 
  custom:CustomObjectIndexerAttribute: 9a22284fe3817be447336de3de66b15e -> 
  custom:audio-encoder-webm-vorbis: bf7c407c2cedff20999df2af8eb42d56 -> 
  custom:framework-win-MediaFoundation: 216162199b28c13a410421893ffa2e32 -> 
  custom:SearchIndexIgnoredProperties: e643bd26f0fe6173181afceb89e7c659 -> 
  custom:container-demuxer-ogg: 62fdf1f143b41e24485cea50d1cbac27 -> 
  custom:video-decoder-webm-vp8: 9c59270c3fd7afecdb556c50c9e8de78 -> 
  custom:audio-decoder-ogg-vorbis: bf7c407c2cedff20999df2af8eb42d56 -> 
  custom:AudioImporter_EditorPlatform: d09bf68614088b80899f8185d706f6e7 -> 
========================================================================
Received Prepare
Caller must complete domain reload
Begin MonoManager ReloadAssembly
- Loaded All Assemblies, in  0.167 seconds
Native extension for WindowsStandalone target not found
Native extension for WebGL target not found
Mono: successfully reloaded assembly
- Finished resetting the current domain, in  0.219 seconds
Domain Reload Profiling: 385ms
	BeginReloadAssembly (105ms)
		ExecutionOrderSort (0ms)
		DisableScriptedObjects (3ms)
		BackupInstance (0ms)
		ReleaseScriptingObjects (0ms)
		CreateAndSetChildDomain (13ms)
	RebuildCommonClasses (25ms)
	RebuildNativeTypeToScriptingClass (7ms)
	initialDomainReloadingComplete (21ms)
	LoadAllAssembliesAndSetupDomain (7ms)
		LoadAssemblies (65ms)
		RebuildTransferFunctionScriptingTraits (0ms)
		AnalyzeDomain (5ms)
			TypeCache.Refresh (4ms)
				TypeCache.ScanAssembly (0ms)
			ScanForSourceGeneratedMonoScriptInfo (0ms)
			ResolveRequiredComponents (1ms)
	FinalizeReload (219ms)
		ReleaseScriptCaches (0ms)
		RebuildScriptCaches (0ms)
		SetupLoadedEditorAssemblies (139ms)
			LogAssemblyErrors (0ms)
			InitializePlatformSupportModulesInManaged (5ms)
			SetLoadedEditorAssemblies (4ms)
			RefreshPlugins (0ms)
			BeforeProcessingInitializeOnLoad (19ms)
			ProcessInitializeOnLoadAttributes (96ms)
			ProcessInitializeOnLoadMethodAttributes (12ms)
			AfterProcessingInitializeOnLoad (4ms)
			EditorAssembliesLoaded (0ms)
		ExecutionOrderSort2 (0ms)
		AwakeInstancesAfterBackupRestoration (5ms)
Refreshing native plugins compatible for Editor in 0.00 ms, found 0 plugins.
Preloading 0 native plugins for Editor in 0.00 ms.
Unloading 5 Unused Serialized files (Serialized files now loaded: 0)
Unloading 1 unused Assets / (11.9 KB). Loaded Objects now: 480.
Memory consumption went from 49.3 MB to 49.3 MB.
Total: 1.476300 ms (FindLiveObjects: 0.023800 ms CreateObjectMapping: 0.003000 ms MarkObjects: 1.436100 ms  DeleteObjects: 0.012300 ms)

Prepare: number of updated asset objects reloaded= 0
AssetImportParameters requested are different than current active one (requested -> active):
  custom:video-decoder-ogg-theora: a1e56fd34408186e4bbccfd4996cb3dc -> 
  custom:container-muxer-webm: aa71ff27fc2769a1b78a27578f13a17b -> 
  custom:container-demuxer-webm: 4f35f7cbe854078d1ac9338744f61a02 -> 
  custom:video-encoder-webm-vp8: eb34c28f22e8b96e1ab97ce403110664 -> 
  custom:video-codec-MediaFoundation-h265: 746d11721c4dcdbdad8f713fa42b33f4 -> 
  custom:CustomObjectIndexerAttribute: 9a22284fe3817be447336de3de66b15e -> 
  custom:audio-encoder-webm-vorbis: bf7c407c2cedff20999df2af8eb42d56 -> 
  custom:framework-win-MediaFoundation: 216162199b28c13a410421893ffa2e32 -> 
  custom:SearchIndexIgnoredProperties: e643bd26f0fe6173181afceb89e7c659 -> 
  custom:container-demuxer-ogg: 62fdf1f143b41e24485cea50d1cbac27 -> 
  custom:video-decoder-webm-vp8: 9c59270c3fd7afecdb556c50c9e8de78 -> 
  custom:audio-decoder-ogg-vorbis: bf7c407c2cedff20999df2af8eb42d56 -> 
  custom:AudioImporter_EditorPlatform: d09bf68614088b80899f8185d706f6e7 -> 
========================================================================
Received Prepare
Caller must complete domain reload
Begin MonoManager ReloadAssembly
- Loaded All Assemblies, in  0.159 seconds
Native extension for WindowsStandalone target not found
Native extension for WebGL target not found
Mono: successfully reloaded assembly
- Finished resetting the current domain, in  0.221 seconds
Domain Reload Profiling: 379ms
	BeginReloadAssembly (98ms)
		ExecutionOrderSort (0ms)
		DisableScriptedObjects (3ms)
		BackupInstance (0ms)
		ReleaseScriptingObjects (0ms)
		CreateAndSetChildDomain (12ms)
	RebuildCommonClasses (29ms)
	RebuildNativeTypeToScriptingClass (7ms)
	initialDomainReloadingComplete (17ms)
	LoadAllAssembliesAndSetupDomain (6ms)
		LoadAssemblies (58ms)
		RebuildTransferFunctionScriptingTraits (0ms)
		AnalyzeDomain (4ms)
			TypeCache.Refresh (3ms)
				TypeCache.ScanAssembly (0ms)
			ScanForSourceGeneratedMonoScriptInfo (0ms)
			ResolveRequiredComponents (0ms)
	FinalizeReload (221ms)
		ReleaseScriptCaches (0ms)
		RebuildScriptCaches (0ms)
		SetupLoadedEditorAssemblies (140ms)
			LogAssemblyErrors (0ms)
			InitializePlatformSupportModulesInManaged (5ms)
			SetLoadedEditorAssemblies (4ms)
			RefreshPlugins (0ms)
			BeforeProcessingInitializeOnLoad (19ms)
			ProcessInitializeOnLoadAttributes (94ms)
			ProcessInitializeOnLoadMethodAttributes (13ms)
			AfterProcessingInitializeOnLoad (4ms)
			EditorAssembliesLoaded (0ms)
		ExecutionOrderSort2 (0ms)
		AwakeInstancesAfterBackupRestoration (4ms)
Refreshing native plugins compatible for Editor in 0.00 ms, found 0 plugins.
Preloading 0 native plugins for Editor in 0.00 ms.
Unloading 5 Unused Serialized files (Serialized files now loaded: 0)
Unloading 1 unused Assets / (11.9 KB). Loaded Objects now: 480.
Memory consumption went from 49.3 MB to 49.3 MB.
Total: 2.184500 ms (FindLiveObjects: 0.026900 ms CreateObjectMapping: 0.003300 ms MarkObjects: 2.138000 ms  DeleteObjects: 0.015400 ms)

Prepare: number of updated asset objects reloaded= 0
AssetImportParameters requested are different than current active one (requested -> active):
  custom:video-decoder-ogg-theora: a1e56fd34408186e4bbccfd4996cb3dc -> 
  custom:container-muxer-webm: aa71ff27fc2769a1b78a27578f13a17b -> 
  custom:container-demuxer-webm: 4f35f7cbe854078d1ac9338744f61a02 -> 
  custom:video-encoder-webm-vp8: eb34c28f22e8b96e1ab97ce403110664 -> 
  custom:video-codec-MediaFoundation-h265: 746d11721c4dcdbdad8f713fa42b33f4 -> 
  custom:CustomObjectIndexerAttribute: 9a22284fe3817be447336de3de66b15e -> 
  custom:audio-encoder-webm-vorbis: bf7c407c2cedff20999df2af8eb42d56 -> 
  custom:framework-win-MediaFoundation: 216162199b28c13a410421893ffa2e32 -> 
  custom:SearchIndexIgnoredProperties: e643bd26f0fe6173181afceb89e7c659 -> 
  custom:container-demuxer-ogg: 62fdf1f143b41e24485cea50d1cbac27 -> 
  custom:video-decoder-webm-vp8: 9c59270c3fd7afecdb556c50c9e8de78 -> 
  custom:audio-decoder-ogg-vorbis: bf7c407c2cedff20999df2af8eb42d56 -> 
  custom:AudioImporter_EditorPlatform: d09bf68614088b80899f8185d706f6e7 -> 
========================================================================
Received Prepare
Caller must complete domain reload
Begin MonoManager ReloadAssembly
- Loaded All Assemblies, in  0.156 seconds
Native extension for WindowsStandalone target not found
Native extension for WebGL target not found
Mono: successfully reloaded assembly
- Finished resetting the current domain, in  0.224 seconds
Domain Reload Profiling: 379ms
	BeginReloadAssembly (98ms)
		ExecutionOrderSort (0ms)
		DisableScriptedObjects (3ms)
		BackupInstance (0ms)
		ReleaseScriptingObjects (0ms)
		CreateAndSetChildDomain (13ms)
	RebuildCommonClasses (23ms)
	RebuildNativeTypeToScriptingClass (11ms)
	initialDomainReloadingComplete (17ms)
	LoadAllAssembliesAndSetupDomain (6ms)
		LoadAssemblies (61ms)
		RebuildTransferFunctionScriptingTraits (0ms)
		AnalyzeDomain (4ms)
			TypeCache.Refresh (3ms)
				TypeCache.ScanAssembly (0ms)
			ScanForSourceGeneratedMonoScriptInfo (0ms)
			ResolveRequiredComponents (0ms)
	FinalizeReload (225ms)
		ReleaseScriptCaches (0ms)
		RebuildScriptCaches (0ms)
		SetupLoadedEditorAssemblies (144ms)
			LogAssemblyErrors (0ms)
			InitializePlatformSupportModulesInManaged (7ms)
			SetLoadedEditorAssemblies (4ms)
			RefreshPlugins (0ms)
			BeforeProcessingInitializeOnLoad (19ms)
			ProcessInitializeOnLoadAttributes (98ms)
			ProcessInitializeOnLoadMethodAttributes (12ms)
			AfterProcessingInitializeOnLoad (5ms)
			EditorAssembliesLoaded (0ms)
		ExecutionOrderSort2 (0ms)
		AwakeInstancesAfterBackupRestoration (4ms)
Refreshing native plugins compatible for Editor in 0.00 ms, found 0 plugins.
Preloading 0 native plugins for Editor in 0.00 ms.
Unloading 5 Unused Serialized files (Serialized files now loaded: 0)
Unloading 1 unused Assets / (11.8 KB). Loaded Objects now: 480.
Memory consumption went from 49.3 MB to 49.3 MB.
Total: 1.644200 ms (FindLiveObjects: 0.026100 ms CreateObjectMapping: 0.003000 ms MarkObjects: 1.600300 ms  DeleteObjects: 0.013400 ms)

Prepare: number of updated asset objects reloaded= 0
AssetImportParameters requested are different than current active one (requested -> active):
  custom:video-decoder-ogg-theora: a1e56fd34408186e4bbccfd4996cb3dc -> 
  custom:container-muxer-webm: aa71ff27fc2769a1b78a27578f13a17b -> 
  custom:container-demuxer-webm: 4f35f7cbe854078d1ac9338744f61a02 -> 
  custom:video-encoder-webm-vp8: eb34c28f22e8b96e1ab97ce403110664 -> 
  custom:video-codec-MediaFoundation-h265: 746d11721c4dcdbdad8f713fa42b33f4 -> 
  custom:CustomObjectIndexerAttribute: 9a22284fe3817be447336de3de66b15e -> 
  custom:audio-encoder-webm-vorbis: bf7c407c2cedff20999df2af8eb42d56 -> 
  custom:framework-win-MediaFoundation: 216162199b28c13a410421893ffa2e32 -> 
  custom:SearchIndexIgnoredProperties: e643bd26f0fe6173181afceb89e7c659 -> 
  custom:container-demuxer-ogg: 62fdf1f143b41e24485cea50d1cbac27 -> 
  custom:video-decoder-webm-vp8: 9c59270c3fd7afecdb556c50c9e8de78 -> 
  custom:audio-decoder-ogg-vorbis: bf7c407c2cedff20999df2af8eb42d56 -> 
  custom:AudioImporter_EditorPlatform: d09bf68614088b80899f8185d706f6e7 -> 
========================================================================
Received Prepare
Caller must complete domain reload
Begin MonoManager ReloadAssembly
- Loaded All Assemblies, in  0.150 seconds
Native extension for WindowsStandalone target not found
Native extension for WebGL target not found
Mono: successfully reloaded assembly
- Finished resetting the current domain, in  0.231 seconds
Domain Reload Profiling: 380ms
	BeginReloadAssembly (91ms)
		ExecutionOrderSort (0ms)
		DisableScriptedObjects (3ms)
		BackupInstance (0ms)
		ReleaseScriptingObjects (0ms)
		CreateAndSetChildDomain (13ms)
	RebuildCommonClasses (29ms)
	RebuildNativeTypeToScriptingClass (7ms)
	initialDomainReloadingComplete (17ms)
	LoadAllAssembliesAndSetupDomain (6ms)
		LoadAssemblies (53ms)
		RebuildTransferFunctionScriptingTraits (0ms)
		AnalyzeDomain (4ms)
			TypeCache.Refresh (3ms)
				TypeCache.ScanAssembly (0ms)
			ScanForSourceGeneratedMonoScriptInfo (0ms)
			ResolveRequiredComponents (0ms)
	FinalizeReload (231ms)
		ReleaseScriptCaches (0ms)
		RebuildScriptCaches (0ms)
		SetupLoadedEditorAssemblies (150ms)
			LogAssemblyErrors (0ms)
			InitializePlatformSupportModulesInManaged (6ms)
			SetLoadedEditorAssemblies (5ms)
			RefreshPlugins (0ms)
			BeforeProcessingInitializeOnLoad (20ms)
			ProcessInitializeOnLoadAttributes (102ms)
			ProcessInitializeOnLoadMethodAttributes (12ms)
			AfterProcessingInitializeOnLoad (5ms)
			EditorAssembliesLoaded (0ms)
		ExecutionOrderSort2 (0ms)
		AwakeInstancesAfterBackupRestoration (5ms)
Refreshing native plugins compatible for Editor in 0.00 ms, found 0 plugins.
Preloading 0 native plugins for Editor in 0.00 ms.
Unloading 5 Unused Serialized files (Serialized files now loaded: 0)
Unloading 1 unused Assets / (11.8 KB). Loaded Objects now: 480.
Memory consumption went from 49.3 MB to 49.3 MB.
Total: 1.523200 ms (FindLiveObjects: 0.024300 ms CreateObjectMapping: 0.002600 ms MarkObjects: 1.480800 ms  DeleteObjects: 0.014700 ms)

Prepare: number of updated asset objects reloaded= 0
AssetImportParameters requested are different than current active one (requested -> active):
  custom:video-decoder-ogg-theora: a1e56fd34408186e4bbccfd4996cb3dc -> 
  custom:container-muxer-webm: aa71ff27fc2769a1b78a27578f13a17b -> 
  custom:container-demuxer-webm: 4f35f7cbe854078d1ac9338744f61a02 -> 
  custom:video-encoder-webm-vp8: eb34c28f22e8b96e1ab97ce403110664 -> 
  custom:video-codec-MediaFoundation-h265: 746d11721c4dcdbdad8f713fa42b33f4 -> 
  custom:CustomObjectIndexerAttribute: 9a22284fe3817be447336de3de66b15e -> 
  custom:audio-encoder-webm-vorbis: bf7c407c2cedff20999df2af8eb42d56 -> 
  custom:framework-win-MediaFoundation: 216162199b28c13a410421893ffa2e32 -> 
  custom:SearchIndexIgnoredProperties: e643bd26f0fe6173181afceb89e7c659 -> 
  custom:container-demuxer-ogg: 62fdf1f143b41e24485cea50d1cbac27 -> 
  custom:video-decoder-webm-vp8: 9c59270c3fd7afecdb556c50c9e8de78 -> 
  custom:audio-decoder-ogg-vorbis: bf7c407c2cedff20999df2af8eb42d56 -> 
  custom:AudioImporter_EditorPlatform: d09bf68614088b80899f8185d706f6e7 -> 
========================================================================
Received Prepare
Caller must complete domain reload
Begin MonoManager ReloadAssembly
- Loaded All Assemblies, in  0.149 seconds
Native extension for WindowsStandalone target not found
Native extension for WebGL target not found
Mono: successfully reloaded assembly
- Finished resetting the current domain, in  0.234 seconds
Domain Reload Profiling: 382ms
	BeginReloadAssembly (91ms)
		ExecutionOrderSort (0ms)
		DisableScriptedObjects (3ms)
		BackupInstance (0ms)
		ReleaseScriptingObjects (0ms)
		CreateAndSetChildDomain (13ms)
	RebuildCommonClasses (24ms)
	RebuildNativeTypeToScriptingClass (7ms)
	initialDomainReloadingComplete (21ms)
	LoadAllAssembliesAndSetupDomain (5ms)
		LoadAssemblies (55ms)
		RebuildTransferFunctionScriptingTraits (0ms)
		AnalyzeDomain (3ms)
			TypeCache.Refresh (2ms)
				TypeCache.ScanAssembly (0ms)
			ScanForSourceGeneratedMonoScriptInfo (0ms)
			ResolveRequiredComponents (0ms)
	FinalizeReload (234ms)
		ReleaseScriptCaches (0ms)
		RebuildScriptCaches (0ms)
		SetupLoadedEditorAssemblies (146ms)
			LogAssemblyErrors (0ms)
			InitializePlatformSupportModulesInManaged (5ms)
			SetLoadedEditorAssemblies (4ms)
			RefreshPlugins (0ms)
			BeforeProcessingInitializeOnLoad (24ms)
			ProcessInitializeOnLoadAttributes (97ms)
			ProcessInitializeOnLoadMethodAttributes (12ms)
			AfterProcessingInitializeOnLoad (4ms)
			EditorAssembliesLoaded (0ms)
		ExecutionOrderSort2 (0ms)
		AwakeInstancesAfterBackupRestoration (8ms)
Refreshing native plugins compatible for Editor in 0.00 ms, found 0 plugins.
Preloading 0 native plugins for Editor in 0.00 ms.
Unloading 5 Unused Serialized files (Serialized files now loaded: 0)
Unloading 1 unused Assets / (11.9 KB). Loaded Objects now: 480.
Memory consumption went from 49.3 MB to 49.3 MB.
Total: 1.534300 ms (FindLiveObjects: 0.022300 ms CreateObjectMapping: 0.002800 ms MarkObjects: 1.496400 ms  DeleteObjects: 0.011800 ms)

Prepare: number of updated asset objects reloaded= 0
AssetImportParameters requested are different than current active one (requested -> active):
  custom:video-decoder-ogg-theora: a1e56fd34408186e4bbccfd4996cb3dc -> 
  custom:container-muxer-webm: aa71ff27fc2769a1b78a27578f13a17b -> 
  custom:container-demuxer-webm: 4f35f7cbe854078d1ac9338744f61a02 -> 
  custom:video-encoder-webm-vp8: eb34c28f22e8b96e1ab97ce403110664 -> 
  custom:video-codec-MediaFoundation-h265: 746d11721c4dcdbdad8f713fa42b33f4 -> 
  custom:CustomObjectIndexerAttribute: 9a22284fe3817be447336de3de66b15e -> 
  custom:audio-encoder-webm-vorbis: bf7c407c2cedff20999df2af8eb42d56 -> 
  custom:framework-win-MediaFoundation: 216162199b28c13a410421893ffa2e32 -> 
  custom:SearchIndexIgnoredProperties: e643bd26f0fe6173181afceb89e7c659 -> 
  custom:container-demuxer-ogg: 62fdf1f143b41e24485cea50d1cbac27 -> 
  custom:video-decoder-webm-vp8: 9c59270c3fd7afecdb556c50c9e8de78 -> 
  custom:audio-decoder-ogg-vorbis: bf7c407c2cedff20999df2af8eb42d56 -> 
  custom:AudioImporter_EditorPlatform: d09bf68614088b80899f8185d706f6e7 -> 
========================================================================
Received Import Request.
  Time since last request: 565.528854 seconds.
  path: Assets/Components/Builder.prefab
  artifactKey: Guid(dc233e65d39cd32479f33577d4439c00) Importer(815301076,1909f56bfc062723c751e8b465ee728b)
Start importing Assets/Components/Builder.prefab using Guid(dc233e65d39cd32479f33577d4439c00) Importer(815301076,1909f56bfc062723c751e8b465ee728b) [PhysX] Initialized MultithreadedTaskDispatcher with 20 workers.
 -> (artifact id: 'f2cbb6c7886ad5621eab2037b47e8dfe') in 0.002390 seconds
Number of updated asset objects reloaded before import = 0
Number of asset objects unloaded after import = 0
========================================================================
Received Prepare
Caller must complete domain reload
Begin MonoManager ReloadAssembly
- Loaded All Assemblies, in  0.150 seconds
Native extension for WindowsStandalone target not found
Native extension for WebGL target not found
Mono: successfully reloaded assembly
- Finished resetting the current domain, in  0.230 seconds
Domain Reload Profiling: 379ms
	BeginReloadAssembly (94ms)
		ExecutionOrderSort (0ms)
		DisableScriptedObjects (4ms)
		BackupInstance (0ms)
		ReleaseScriptingObjects (0ms)
		CreateAndSetChildDomain (13ms)
	RebuildCommonClasses (23ms)
	RebuildNativeTypeToScriptingClass (7ms)
	initialDomainReloadingComplete (18ms)
	LoadAllAssembliesAndSetupDomain (6ms)
		LoadAssemblies (56ms)
		RebuildTransferFunctionScriptingTraits (0ms)
		AnalyzeDomain (4ms)
			TypeCache.Refresh (3ms)
				TypeCache.ScanAssembly (0ms)
			ScanForSourceGeneratedMonoScriptInfo (0ms)
			ResolveRequiredComponents (0ms)
	FinalizeReload (230ms)
		ReleaseScriptCaches (0ms)
		RebuildScriptCaches (0ms)
		SetupLoadedEditorAssemblies (147ms)
			LogAssemblyErrors (0ms)
			InitializePlatformSupportModulesInManaged (5ms)
			SetLoadedEditorAssemblies (4ms)
			RefreshPlugins (0ms)
			BeforeProcessingInitializeOnLoad (21ms)
			ProcessInitializeOnLoadAttributes (101ms)
			ProcessInitializeOnLoadMethodAttributes (12ms)
			AfterProcessingInitializeOnLoad (4ms)
			EditorAssembliesLoaded (0ms)
		ExecutionOrderSort2 (0ms)
		AwakeInstancesAfterBackupRestoration (4ms)
Refreshing native plugins compatible for Editor in 0.00 ms, found 0 plugins.
Preloading 0 native plugins for Editor in 0.00 ms.
Unloading 4 Unused Serialized files (Serialized files now loaded: 0)
Unloading 1 unused Assets / (9.7 KB). Loaded Objects now: 480.
Memory consumption went from 49.0 MB to 49.0 MB.
Total: 1.451800 ms (FindLiveObjects: 0.023500 ms CreateObjectMapping: 0.002800 ms MarkObjects: 1.413800 ms  DeleteObjects: 0.011000 ms)

Prepare: number of updated asset objects reloaded= 0
AssetImportParameters requested are different than current active one (requested -> active):
  custom:video-decoder-ogg-theora: a1e56fd34408186e4bbccfd4996cb3dc -> 
  custom:container-muxer-webm: aa71ff27fc2769a1b78a27578f13a17b -> 
  custom:container-demuxer-webm: 4f35f7cbe854078d1ac9338744f61a02 -> 
  custom:video-encoder-webm-vp8: eb34c28f22e8b96e1ab97ce403110664 -> 
  custom:video-codec-MediaFoundation-h265: 746d11721c4dcdbdad8f713fa42b33f4 -> 
  custom:CustomObjectIndexerAttribute: 9a22284fe3817be447336de3de66b15e -> 
  custom:audio-encoder-webm-vorbis: bf7c407c2cedff20999df2af8eb42d56 -> 
  custom:framework-win-MediaFoundation: 216162199b28c13a410421893ffa2e32 -> 
  custom:SearchIndexIgnoredProperties: e643bd26f0fe6173181afceb89e7c659 -> 
  custom:container-demuxer-ogg: 62fdf1f143b41e24485cea50d1cbac27 -> 
  custom:video-decoder-webm-vp8: 9c59270c3fd7afecdb556c50c9e8de78 -> 
  custom:audio-decoder-ogg-vorbis: bf7c407c2cedff20999df2af8eb42d56 -> 
  custom:AudioImporter_EditorPlatform: d09bf68614088b80899f8185d706f6e7 -> 
========================================================================
Received Import Request.
  Time since last request: 39.577327 seconds.
  path: Assets/Components/WindowMove.prefab
  artifactKey: Guid(e7011803beb0ad747adac0b5c19f3c7c) Importer(815301076,1909f56bfc062723c751e8b465ee728b)
Start importing Assets/Components/WindowMove.prefab using Guid(e7011803beb0ad747adac0b5c19f3c7c) Importer(815301076,1909f56bfc062723c751e8b465ee728b) [PhysX] Initialized MultithreadedTaskDispatcher with 20 workers.
 -> (artifact id: 'fa2f846ba4cda11c5cd4b8647766b19b') in 0.001533 seconds
Number of updated asset objects reloaded before import = 0
Number of asset objects unloaded after import = 0
========================================================================
Received Import Request.
  Time since last request: 19.030565 seconds.
  path: Assets/Components/Builder.prefab
  artifactKey: Guid(dc233e65d39cd32479f33577d4439c00) Importer(815301076,1909f56bfc062723c751e8b465ee728b)
Start importing Assets/Components/Builder.prefab using Guid(dc233e65d39cd32479f33577d4439c00) Importer(815301076,1909f56bfc062723c751e8b465ee728b) [PhysX] Initialized MultithreadedTaskDispatcher with 20 workers.
 -> (artifact id: 'f2cbb6c7886ad5621eab2037b47e8dfe') in 0.000380 seconds
Number of updated asset objects reloaded before import = 0
Number of asset objects unloaded after import = 0
========================================================================
Received Import Request.
  Time since last request: 77.305818 seconds.
  path: Assets/Components/Bandit.prefab
  artifactKey: Guid(c6ee285db8c3a424abeb378a31ab418b) Importer(815301076,1909f56bfc062723c751e8b465ee728b)
Start importing Assets/Components/Bandit.prefab using Guid(c6ee285db8c3a424abeb378a31ab418b) Importer(815301076,1909f56bfc062723c751e8b465ee728b) [PhysX] Initialized MultithreadedTaskDispatcher with 20 workers.
 -> (artifact id: 'fb99cf8997f04baeb742a0fa0a53e984') in 0.000432 seconds
Number of updated asset objects reloaded before import = 0
Number of asset objects unloaded after import = 0
========================================================================
Received Import Request.
  Time since last request: 0.000165 seconds.
  path: Assets/Components/WindowMove.prefab
  artifactKey: Guid(e7011803beb0ad747adac0b5c19f3c7c) Importer(815301076,1909f56bfc062723c751e8b465ee728b)
Start importing Assets/Components/WindowMove.prefab using Guid(e7011803beb0ad747adac0b5c19f3c7c) Importer(815301076,1909f56bfc062723c751e8b465ee728b) [PhysX] Initialized MultithreadedTaskDispatcher with 20 workers.
 -> (artifact id: 'fa2f846ba4cda11c5cd4b8647766b19b') in 0.000332 seconds
Number of updated asset objects reloaded before import = 0
Number of asset objects unloaded after import = 0
========================================================================
Received Import Request.
  Time since last request: 0.000046 seconds.
  path: Assets/Components/Builder.prefab
  artifactKey: Guid(dc233e65d39cd32479f33577d4439c00) Importer(815301076,1909f56bfc062723c751e8b465ee728b)
Start importing Assets/Components/Builder.prefab using Guid(dc233e65d39cd32479f33577d4439c00) Importer(815301076,1909f56bfc062723c751e8b465ee728b) [PhysX] Initialized MultithreadedTaskDispatcher with 20 workers.
 -> (artifact id: 'f2cbb6c7886ad5621eab2037b47e8dfe') in 0.000253 seconds
Number of updated asset objects reloaded before import = 0
Number of asset objects unloaded after import = 0
========================================================================
Received Import Request.
  Time since last request: 74.031474 seconds.
  path: Assets/Components/Builder.prefab
  artifactKey: Guid(dc233e65d39cd32479f33577d4439c00) Importer(815301076,1909f56bfc062723c751e8b465ee728b)
Start importing Assets/Components/Builder.prefab using Guid(dc233e65d39cd32479f33577d4439c00) Importer(815301076,1909f56bfc062723c751e8b465ee728b) [PhysX] Initialized MultithreadedTaskDispatcher with 20 workers.
 -> (artifact id: 'f2cbb6c7886ad5621eab2037b47e8dfe') in 0.000434 seconds
Number of updated asset objects reloaded before import = 0
Number of asset objects unloaded after import = 0
========================================================================
Received Prepare
Caller must complete domain reload
Begin MonoManager ReloadAssembly
- Loaded All Assemblies, in  0.164 seconds
Native extension for WindowsStandalone target not found
Native extension for WebGL target not found
Mono: successfully reloaded assembly
- Finished resetting the current domain, in  0.234 seconds
Domain Reload Profiling: 397ms
	BeginReloadAssembly (104ms)
		ExecutionOrderSort (0ms)
		DisableScriptedObjects (3ms)
		BackupInstance (0ms)
		ReleaseScriptingObjects (0ms)
		CreateAndSetChildDomain (13ms)
	RebuildCommonClasses (27ms)
	RebuildNativeTypeToScriptingClass (7ms)
	initialDomainReloadingComplete (17ms)
	LoadAllAssembliesAndSetupDomain (8ms)
		LoadAssemblies (66ms)
		RebuildTransferFunctionScriptingTraits (0ms)
		AnalyzeDomain (6ms)
			TypeCache.Refresh (5ms)
				TypeCache.ScanAssembly (0ms)
			ScanForSourceGeneratedMonoScriptInfo (0ms)
			ResolveRequiredComponents (1ms)
	FinalizeReload (234ms)
		ReleaseScriptCaches (0ms)
		RebuildScriptCaches (0ms)
		SetupLoadedEditorAssemblies (142ms)
			LogAssemblyErrors (0ms)
			InitializePlatformSupportModulesInManaged (6ms)
			SetLoadedEditorAssemblies (4ms)
			RefreshPlugins (0ms)
			BeforeProcessingInitializeOnLoad (20ms)
			ProcessInitializeOnLoadAttributes (96ms)
			ProcessInitializeOnLoadMethodAttributes (12ms)
			AfterProcessingInitializeOnLoad (4ms)
			EditorAssembliesLoaded (0ms)
		ExecutionOrderSort2 (0ms)
		AwakeInstancesAfterBackupRestoration (5ms)
Refreshing native plugins compatible for Editor in 0.00 ms, found 0 plugins.
Preloading 0 native plugins for Editor in 0.00 ms.
Unloading 4 Unused Serialized files (Serialized files now loaded: 0)
Unloading 1 unused Assets / (9.7 KB). Loaded Objects now: 480.
Memory consumption went from 49.0 MB to 49.0 MB.
Total: 1.473200 ms (FindLiveObjects: 0.024800 ms CreateObjectMapping: 0.003400 ms MarkObjects: 1.430800 ms  DeleteObjects: 0.013400 ms)

Prepare: number of updated asset objects reloaded= 0
AssetImportParameters requested are different than current active one (requested -> active):
  custom:video-decoder-ogg-theora: a1e56fd34408186e4bbccfd4996cb3dc -> 
  custom:container-muxer-webm: aa71ff27fc2769a1b78a27578f13a17b -> 
  custom:container-demuxer-webm: 4f35f7cbe854078d1ac9338744f61a02 -> 
  custom:video-encoder-webm-vp8: eb34c28f22e8b96e1ab97ce403110664 -> 
  custom:video-codec-MediaFoundation-h265: 746d11721c4dcdbdad8f713fa42b33f4 -> 
  custom:CustomObjectIndexerAttribute: 9a22284fe3817be447336de3de66b15e -> 
  custom:audio-encoder-webm-vorbis: bf7c407c2cedff20999df2af8eb42d56 -> 
  custom:framework-win-MediaFoundation: 216162199b28c13a410421893ffa2e32 -> 
  custom:SearchIndexIgnoredProperties: e643bd26f0fe6173181afceb89e7c659 -> 
  custom:container-demuxer-ogg: 62fdf1f143b41e24485cea50d1cbac27 -> 
  custom:video-decoder-webm-vp8: 9c59270c3fd7afecdb556c50c9e8de78 -> 
  custom:audio-decoder-ogg-vorbis: bf7c407c2cedff20999df2af8eb42d56 -> 
  custom:AudioImporter_EditorPlatform: d09bf68614088b80899f8185d706f6e7 -> 
========================================================================
Received Import Request.
  Time since last request: 3.298949 seconds.
  path: Assets/Components/WindowMove.prefab
  artifactKey: Guid(e7011803beb0ad747adac0b5c19f3c7c) Importer(815301076,1909f56bfc062723c751e8b465ee728b)
Start importing Assets/Components/WindowMove.prefab using Guid(e7011803beb0ad747adac0b5c19f3c7c) Importer(815301076,1909f56bfc062723c751e8b465ee728b) [PhysX] Initialized MultithreadedTaskDispatcher with 20 workers.
 -> (artifact id: 'fa2f846ba4cda11c5cd4b8647766b19b') in 0.001406 seconds
Number of updated asset objects reloaded before import = 0
Number of asset objects unloaded after import = 0
========================================================================
Received Import Request.
  Time since last request: 0.000276 seconds.
  path: Assets/Components/Builder.prefab
  artifactKey: Guid(dc233e65d39cd32479f33577d4439c00) Importer(815301076,1909f56bfc062723c751e8b465ee728b)
Start importing Assets/Components/Builder.prefab using Guid(dc233e65d39cd32479f33577d4439c00) Importer(815301076,1909f56bfc062723c751e8b465ee728b) [PhysX] Initialized MultithreadedTaskDispatcher with 20 workers.
 -> (artifact id: 'f2cbb6c7886ad5621eab2037b47e8dfe') in 0.000316 seconds
Number of updated asset objects reloaded before import = 0
Number of asset objects unloaded after import = 0
========================================================================
Received Import Request.
  Time since last request: 46.696091 seconds.
  path: Assets/Components/Builder.prefab
  artifactKey: Guid(dc233e65d39cd32479f33577d4439c00) Importer(815301076,1909f56bfc062723c751e8b465ee728b)
Start importing Assets/Components/Builder.prefab using Guid(dc233e65d39cd32479f33577d4439c00) Importer(815301076,1909f56bfc062723c751e8b465ee728b) [PhysX] Initialized MultithreadedTaskDispatcher with 20 workers.
 -> (artifact id: 'f2cbb6c7886ad5621eab2037b47e8dfe') in 0.000413 seconds
Number of updated asset objects reloaded before import = 0
Number of asset objects unloaded after import = 0
========================================================================
Received Import Request.
  Time since last request: 0.000086 seconds.
  path: Assets/Components/Floor.prefab
  artifactKey: Guid(e46878fa31883f346b54f53d75c04b6b) Importer(815301076,1909f56bfc062723c751e8b465ee728b)
Start importing Assets/Components/Floor.prefab using Guid(e46878fa31883f346b54f53d75c04b6b) Importer(815301076,1909f56bfc062723c751e8b465ee728b) [PhysX] Initialized MultithreadedTaskDispatcher with 20 workers.
[PhysX] Initialized MultithreadedTaskDispatcher with 20 workers.
 -> (artifact id: '2516f9a02348e23db961e9d555b0ca26') in 0.210449 seconds
Number of updated asset objects reloaded before import = 0
Number of asset objects unloaded after import = 7
========================================================================
Received Import Request.
  Time since last request: 4.763603 seconds.
  path: Assets/Components/Builder.prefab
  artifactKey: Guid(dc233e65d39cd32479f33577d4439c00) Importer(815301076,1909f56bfc062723c751e8b465ee728b)
Start importing Assets/Components/Builder.prefab using Guid(dc233e65d39cd32479f33577d4439c00) Importer(815301076,1909f56bfc062723c751e8b465ee728b) [PhysX] Initialized MultithreadedTaskDispatcher with 20 workers.
 -> (artifact id: 'f2cbb6c7886ad5621eab2037b47e8dfe') in 0.000388 seconds
Number of updated asset objects reloaded before import = 0
Number of asset objects unloaded after import = 0
========================================================================
Received Prepare
Caller must complete domain reload
Begin MonoManager ReloadAssembly
- Loaded All Assemblies, in  0.158 seconds
Native extension for WindowsStandalone target not found
Native extension for WebGL target not found
Mono: successfully reloaded assembly
- Finished resetting the current domain, in  0.254 seconds
Domain Reload Profiling: 412ms
	BeginReloadAssembly (100ms)
		ExecutionOrderSort (0ms)
		DisableScriptedObjects (3ms)
		BackupInstance (0ms)
		ReleaseScriptingObjects (0ms)
		CreateAndSetChildDomain (12ms)
	RebuildCommonClasses (25ms)
	RebuildNativeTypeToScriptingClass (7ms)
	initialDomainReloadingComplete (20ms)
	LoadAllAssembliesAndSetupDomain (5ms)
		LoadAssemblies (61ms)
		RebuildTransferFunctionScriptingTraits (0ms)
		AnalyzeDomain (3ms)
			TypeCache.Refresh (2ms)
				TypeCache.ScanAssembly (0ms)
			ScanForSourceGeneratedMonoScriptInfo (0ms)
			ResolveRequiredComponents (0ms)
	FinalizeReload (255ms)
		ReleaseScriptCaches (0ms)
		RebuildScriptCaches (0ms)
		SetupLoadedEditorAssemblies (165ms)
			LogAssemblyErrors (0ms)
			InitializePlatformSupportModulesInManaged (5ms)
			SetLoadedEditorAssemblies (4ms)
			RefreshPlugins (0ms)
			BeforeProcessingInitializeOnLoad (21ms)
			ProcessInitializeOnLoadAttributes (112ms)
			ProcessInitializeOnLoadMethodAttributes (19ms)
			AfterProcessingInitializeOnLoad (4ms)
			EditorAssembliesLoaded (0ms)
		ExecutionOrderSort2 (0ms)
		AwakeInstancesAfterBackupRestoration (4ms)
Refreshing native plugins compatible for Editor in 0.00 ms, found 0 plugins.
Preloading 0 native plugins for Editor in 0.00 ms.
Unloading 4 Unused Serialized files (Serialized files now loaded: 0)
Unloading 0 unused Assets / (8.8 KB). Loaded Objects now: 490.
Memory consumption went from 53.2 MB to 53.2 MB.
Total: 1.488300 ms (FindLiveObjects: 0.024100 ms CreateObjectMapping: 0.002900 ms MarkObjects: 1.458100 ms  DeleteObjects: 0.002200 ms)

Prepare: number of updated asset objects reloaded= 0
AssetImportParameters requested are different than current active one (requested -> active):
  custom:video-decoder-ogg-theora: a1e56fd34408186e4bbccfd4996cb3dc -> 
  custom:container-muxer-webm: aa71ff27fc2769a1b78a27578f13a17b -> 
  custom:container-demuxer-webm: 4f35f7cbe854078d1ac9338744f61a02 -> 
  custom:video-encoder-webm-vp8: eb34c28f22e8b96e1ab97ce403110664 -> 
  custom:video-codec-MediaFoundation-h265: 746d11721c4dcdbdad8f713fa42b33f4 -> 
  custom:CustomObjectIndexerAttribute: 9a22284fe3817be447336de3de66b15e -> 
  custom:audio-encoder-webm-vorbis: bf7c407c2cedff20999df2af8eb42d56 -> 
  custom:framework-win-MediaFoundation: 216162199b28c13a410421893ffa2e32 -> 
  custom:SearchIndexIgnoredProperties: e643bd26f0fe6173181afceb89e7c659 -> 
  custom:container-demuxer-ogg: 62fdf1f143b41e24485cea50d1cbac27 -> 
  custom:video-decoder-webm-vp8: 9c59270c3fd7afecdb556c50c9e8de78 -> 
  custom:audio-decoder-ogg-vorbis: bf7c407c2cedff20999df2af8eb42d56 -> 
  custom:AudioImporter_EditorPlatform: d09bf68614088b80899f8185d706f6e7 -> 
========================================================================
Received Import Request.
  Time since last request: 35.888413 seconds.
  path: Assets/Components/Builder.prefab
  artifactKey: Guid(dc233e65d39cd32479f33577d4439c00) Importer(815301076,1909f56bfc062723c751e8b465ee728b)
Start importing Assets/Components/Builder.prefab using Guid(dc233e65d39cd32479f33577d4439c00) Importer(815301076,1909f56bfc062723c751e8b465ee728b) [PhysX] Initialized MultithreadedTaskDispatcher with 20 workers.
 -> (artifact id: 'f2cbb6c7886ad5621eab2037b47e8dfe') in 0.002249 seconds
Number of updated asset objects reloaded before import = 0
Number of asset objects unloaded after import = 0
========================================================================
Received Prepare
Caller must complete domain reload
Begin MonoManager ReloadAssembly
- Loaded All Assemblies, in  0.162 seconds
Native extension for WindowsStandalone target not found
Native extension for WebGL target not found
Mono: successfully reloaded assembly
- Finished resetting the current domain, in  0.222 seconds
Domain Reload Profiling: 383ms
	BeginReloadAssembly (99ms)
		ExecutionOrderSort (0ms)
		DisableScriptedObjects (3ms)
		BackupInstance (0ms)
		ReleaseScriptingObjects (0ms)
		CreateAndSetChildDomain (12ms)
	RebuildCommonClasses (28ms)
	RebuildNativeTypeToScriptingClass (10ms)
	initialDomainReloadingComplete (18ms)
	LoadAllAssembliesAndSetupDomain (7ms)
		LoadAssemblies (63ms)
		RebuildTransferFunctionScriptingTraits (0ms)
		AnalyzeDomain (5ms)
			TypeCache.Refresh (4ms)
				TypeCache.ScanAssembly (0ms)
			ScanForSourceGeneratedMonoScriptInfo (0ms)
			ResolveRequiredComponents (0ms)
	FinalizeReload (223ms)
		ReleaseScriptCaches (0ms)
		RebuildScriptCaches (0ms)
		SetupLoadedEditorAssemblies (136ms)
			LogAssemblyErrors (0ms)
			InitializePlatformSupportModulesInManaged (5ms)
			SetLoadedEditorAssemblies (4ms)
			RefreshPlugins (0ms)
			BeforeProcessingInitializeOnLoad (18ms)
			ProcessInitializeOnLoadAttributes (93ms)
			ProcessInitializeOnLoadMethodAttributes (13ms)
			AfterProcessingInitializeOnLoad (4ms)
			EditorAssembliesLoaded (0ms)
		ExecutionOrderSort2 (0ms)
		AwakeInstancesAfterBackupRestoration (4ms)
Refreshing native plugins compatible for Editor in 0.00 ms, found 0 plugins.
Preloading 0 native plugins for Editor in 0.00 ms.
Unloading 4 Unused Serialized files (Serialized files now loaded: 0)
Unloading 0 unused Assets / (8.8 KB). Loaded Objects now: 490.
Memory consumption went from 53.2 MB to 53.2 MB.
Total: 1.585700 ms (FindLiveObjects: 0.025100 ms CreateObjectMapping: 0.002500 ms MarkObjects: 1.554600 ms  DeleteObjects: 0.002200 ms)

Prepare: number of updated asset objects reloaded= 0
AssetImportParameters requested are different than current active one (requested -> active):
  custom:video-decoder-ogg-theora: a1e56fd34408186e4bbccfd4996cb3dc -> 
  custom:container-muxer-webm: aa71ff27fc2769a1b78a27578f13a17b -> 
  custom:container-demuxer-webm: 4f35f7cbe854078d1ac9338744f61a02 -> 
  custom:video-encoder-webm-vp8: eb34c28f22e8b96e1ab97ce403110664 -> 
  custom:video-codec-MediaFoundation-h265: 746d11721c4dcdbdad8f713fa42b33f4 -> 
  custom:CustomObjectIndexerAttribute: 9a22284fe3817be447336de3de66b15e -> 
  custom:audio-encoder-webm-vorbis: bf7c407c2cedff20999df2af8eb42d56 -> 
  custom:framework-win-MediaFoundation: 216162199b28c13a410421893ffa2e32 -> 
  custom:SearchIndexIgnoredProperties: e643bd26f0fe6173181afceb89e7c659 -> 
  custom:container-demuxer-ogg: 62fdf1f143b41e24485cea50d1cbac27 -> 
  custom:video-decoder-webm-vp8: 9c59270c3fd7afecdb556c50c9e8de78 -> 
  custom:audio-decoder-ogg-vorbis: bf7c407c2cedff20999df2af8eb42d56 -> 
  custom:AudioImporter_EditorPlatform: d09bf68614088b80899f8185d706f6e7 -> 
========================================================================
Received Import Request.
  Time since last request: 10.144425 seconds.
  path: Assets/Components/WindowMove.prefab
  artifactKey: Guid(e7011803beb0ad747adac0b5c19f3c7c) Importer(815301076,1909f56bfc062723c751e8b465ee728b)
Start importing Assets/Components/WindowMove.prefab using Guid(e7011803beb0ad747adac0b5c19f3c7c) Importer(815301076,1909f56bfc062723c751e8b465ee728b) [PhysX] Initialized MultithreadedTaskDispatcher with 20 workers.
 -> (artifact id: 'fa2f846ba4cda11c5cd4b8647766b19b') in 0.002000 seconds
Number of updated asset objects reloaded before import = 0
Number of asset objects unloaded after import = 0
========================================================================
Received Import Request.
  Time since last request: 13.598959 seconds.
  path: Assets/Components/Builder.prefab
  artifactKey: Guid(dc233e65d39cd32479f33577d4439c00) Importer(815301076,1909f56bfc062723c751e8b465ee728b)
Start importing Assets/Components/Builder.prefab using Guid(dc233e65d39cd32479f33577d4439c00) Importer(815301076,1909f56bfc062723c751e8b465ee728b) [PhysX] Initialized MultithreadedTaskDispatcher with 20 workers.
 -> (artifact id: 'f2cbb6c7886ad5621eab2037b47e8dfe') in 0.000626 seconds
Number of updated asset objects reloaded before import = 0
Number of asset objects unloaded after import = 0
========================================================================
Received Import Request.
  Time since last request: 0.000053 seconds.
  path: Assets/Components/Floor.prefab
  artifactKey: Guid(e46878fa31883f346b54f53d75c04b6b) Importer(815301076,1909f56bfc062723c751e8b465ee728b)
Start importing Assets/Components/Floor.prefab using Guid(e46878fa31883f346b54f53d75c04b6b) Importer(815301076,1909f56bfc062723c751e8b465ee728b) [PhysX] Initialized MultithreadedTaskDispatcher with 20 workers.
[PhysX] Initialized MultithreadedTaskDispatcher with 20 workers.
 -> (artifact id: '4bc24cb0349d253a048f8681794cc32c') in 0.043234 seconds
Number of updated asset objects reloaded before import = 0
Number of asset objects unloaded after import = 7
========================================================================
Received Prepare
Caller must complete domain reload
Begin MonoManager ReloadAssembly
- Loaded All Assemblies, in  0.147 seconds
Native extension for WindowsStandalone target not found
Native extension for WebGL target not found
Mono: successfully reloaded assembly
- Finished resetting the current domain, in  0.240 seconds
Domain Reload Profiling: 386ms
	BeginReloadAssembly (93ms)
		ExecutionOrderSort (0ms)
		DisableScriptedObjects (3ms)
		BackupInstance (0ms)
		ReleaseScriptingObjects (0ms)
		CreateAndSetChildDomain (13ms)
	RebuildCommonClasses (23ms)
	RebuildNativeTypeToScriptingClass (7ms)
	initialDomainReloadingComplete (16ms)
	LoadAllAssembliesAndSetupDomain (6ms)
		LoadAssemblies (53ms)
		RebuildTransferFunctionScriptingTraits (0ms)
		AnalyzeDomain (4ms)
			TypeCache.Refresh (3ms)
				TypeCache.ScanAssembly (0ms)
			ScanForSourceGeneratedMonoScriptInfo (0ms)
			ResolveRequiredComponents (0ms)
	FinalizeReload (241ms)
		ReleaseScriptCaches (0ms)
		RebuildScriptCaches (0ms)
		SetupLoadedEditorAssemblies (159ms)
			LogAssemblyErrors (0ms)
			InitializePlatformSupportModulesInManaged (7ms)
			SetLoadedEditorAssemblies (4ms)
			RefreshPlugins (0ms)
			BeforeProcessingInitializeOnLoad (21ms)
			ProcessInitializeOnLoadAttributes (111ms)
			ProcessInitializeOnLoadMethodAttributes (12ms)
			AfterProcessingInitializeOnLoad (4ms)
			EditorAssembliesLoaded (0ms)
		ExecutionOrderSort2 (0ms)
		AwakeInstancesAfterBackupRestoration (4ms)
Refreshing native plugins compatible for Editor in 0.00 ms, found 0 plugins.
Preloading 0 native plugins for Editor in 0.00 ms.
Unloading 4 Unused Serialized files (Serialized files now loaded: 0)
Unloading 0 unused Assets / (8.8 KB). Loaded Objects now: 490.
Memory consumption went from 53.2 MB to 53.2 MB.
Total: 1.537000 ms (FindLiveObjects: 0.025400 ms CreateObjectMapping: 0.003200 ms MarkObjects: 1.505100 ms  DeleteObjects: 0.002400 ms)

Prepare: number of updated asset objects reloaded= 0
AssetImportParameters requested are different than current active one (requested -> active):
  custom:video-decoder-ogg-theora: a1e56fd34408186e4bbccfd4996cb3dc -> 
  custom:container-muxer-webm: aa71ff27fc2769a1b78a27578f13a17b -> 
  custom:container-demuxer-webm: 4f35f7cbe854078d1ac9338744f61a02 -> 
  custom:video-encoder-webm-vp8: eb34c28f22e8b96e1ab97ce403110664 -> 
  custom:video-codec-MediaFoundation-h265: 746d11721c4dcdbdad8f713fa42b33f4 -> 
  custom:CustomObjectIndexerAttribute: 9a22284fe3817be447336de3de66b15e -> 
  custom:audio-encoder-webm-vorbis: bf7c407c2cedff20999df2af8eb42d56 -> 
  custom:framework-win-MediaFoundation: 216162199b28c13a410421893ffa2e32 -> 
  custom:SearchIndexIgnoredProperties: e643bd26f0fe6173181afceb89e7c659 -> 
  custom:container-demuxer-ogg: 62fdf1f143b41e24485cea50d1cbac27 -> 
  custom:video-decoder-webm-vp8: 9c59270c3fd7afecdb556c50c9e8de78 -> 
  custom:audio-decoder-ogg-vorbis: bf7c407c2cedff20999df2af8eb42d56 -> 
  custom:AudioImporter_EditorPlatform: d09bf68614088b80899f8185d706f6e7 -> 
========================================================================
Received Import Request.
  Time since last request: 79.762387 seconds.
  path: Assets/Components/Builder.prefab
  artifactKey: Guid(dc233e65d39cd32479f33577d4439c00) Importer(815301076,1909f56bfc062723c751e8b465ee728b)
Start importing Assets/Components/Builder.prefab using Guid(dc233e65d39cd32479f33577d4439c00) Importer(815301076,1909f56bfc062723c751e8b465ee728b) [PhysX] Initialized MultithreadedTaskDispatcher with 20 workers.
 -> (artifact id: 'f2cbb6c7886ad5621eab2037b47e8dfe') in 0.001952 seconds
Number of updated asset objects reloaded before import = 0
Number of asset objects unloaded after import = 0
========================================================================
Received Import Request.
  Time since last request: 8.657291 seconds.
  path: Assets/Components/Builder.prefab
  artifactKey: Guid(dc233e65d39cd32479f33577d4439c00) Importer(815301076,1909f56bfc062723c751e8b465ee728b)
Start importing Assets/Components/Builder.prefab using Guid(dc233e65d39cd32479f33577d4439c00) Importer(815301076,1909f56bfc062723c751e8b465ee728b) [PhysX] Initialized MultithreadedTaskDispatcher with 20 workers.
 -> (artifact id: 'f2cbb6c7886ad5621eab2037b47e8dfe') in 0.000372 seconds
Number of updated asset objects reloaded before import = 0
Number of asset objects unloaded after import = 0
========================================================================
Received Import Request.
  Time since last request: 0.000157 seconds.
  path: Assets/Components/Floor.prefab
  artifactKey: Guid(e46878fa31883f346b54f53d75c04b6b) Importer(815301076,1909f56bfc062723c751e8b465ee728b)
Start importing Assets/Components/Floor.prefab using Guid(e46878fa31883f346b54f53d75c04b6b) Importer(815301076,1909f56bfc062723c751e8b465ee728b) [PhysX] Initialized MultithreadedTaskDispatcher with 20 workers.
[PhysX] Initialized MultithreadedTaskDispatcher with 20 workers.
 -> (artifact id: '8f606f3e5c725a8896ea1c1da17880b4') in 0.046069 seconds
Number of updated asset objects reloaded before import = 0
Number of asset objects unloaded after import = 6
========================================================================
Received Import Request.
  Time since last request: 2.766864 seconds.
  path: Assets/Components/Builder.prefab
  artifactKey: Guid(dc233e65d39cd32479f33577d4439c00) Importer(815301076,1909f56bfc062723c751e8b465ee728b)
Start importing Assets/Components/Builder.prefab using Guid(dc233e65d39cd32479f33577d4439c00) Importer(815301076,1909f56bfc062723c751e8b465ee728b) [PhysX] Initialized MultithreadedTaskDispatcher with 20 workers.
 -> (artifact id: 'f2cbb6c7886ad5621eab2037b47e8dfe') in 0.000603 seconds
Number of updated asset objects reloaded before import = 0
Number of asset objects unloaded after import = 0
========================================================================
Received Import Request.
  Time since last request: 0.000114 seconds.
  path: Assets/Components/Floor.prefab
  artifactKey: Guid(e46878fa31883f346b54f53d75c04b6b) Importer(815301076,1909f56bfc062723c751e8b465ee728b)
Start importing Assets/Components/Floor.prefab using Guid(e46878fa31883f346b54f53d75c04b6b) Importer(815301076,1909f56bfc062723c751e8b465ee728b) [PhysX] Initialized MultithreadedTaskDispatcher with 20 workers.
[PhysX] Initialized MultithreadedTaskDispatcher with 20 workers.
 -> (artifact id: '15e28511467349a2b57f14246364768b') in 0.004658 seconds
Number of updated asset objects reloaded before import = 0
Number of asset objects unloaded after import = 7
========================================================================
Received Import Request.
  Time since last request: 4.126365 seconds.
  path: Assets/Components/Builder.prefab
  artifactKey: Guid(dc233e65d39cd32479f33577d4439c00) Importer(815301076,1909f56bfc062723c751e8b465ee728b)
Start importing Assets/Components/Builder.prefab using Guid(dc233e65d39cd32479f33577d4439c00) Importer(815301076,1909f56bfc062723c751e8b465ee728b) [PhysX] Initialized MultithreadedTaskDispatcher with 20 workers.
 -> (artifact id: 'f2cbb6c7886ad5621eab2037b47e8dfe') in 0.000585 seconds
Number of updated asset objects reloaded before import = 0
Number of asset objects unloaded after import = 0
========================================================================
Received Prepare
Caller must complete domain reload
Begin MonoManager ReloadAssembly
- Loaded All Assemblies, in  0.150 seconds
Native extension for WindowsStandalone target not found
Native extension for WebGL target not found
Mono: successfully reloaded assembly
- Finished resetting the current domain, in  0.232 seconds
Domain Reload Profiling: 380ms
	BeginReloadAssembly (96ms)
		ExecutionOrderSort (0ms)
		DisableScriptedObjects (3ms)
		BackupInstance (0ms)
		ReleaseScriptingObjects (0ms)
		CreateAndSetChildDomain (11ms)
	RebuildCommonClasses (22ms)
	RebuildNativeTypeToScriptingClass (7ms)
	initialDomainReloadingComplete (17ms)
	LoadAllAssembliesAndSetupDomain (6ms)
		LoadAssemblies (60ms)
		RebuildTransferFunctionScriptingTraits (0ms)
		AnalyzeDomain (4ms)
			TypeCache.Refresh (3ms)
				TypeCache.ScanAssembly (0ms)
			ScanForSourceGeneratedMonoScriptInfo (0ms)
			ResolveRequiredComponents (0ms)
	FinalizeReload (232ms)
		ReleaseScriptCaches (0ms)
		RebuildScriptCaches (0ms)
		SetupLoadedEditorAssemblies (143ms)
			LogAssemblyErrors (0ms)
			InitializePlatformSupportModulesInManaged (5ms)
			SetLoadedEditorAssemblies (4ms)
			RefreshPlugins (0ms)
			BeforeProcessingInitializeOnLoad (21ms)
			ProcessInitializeOnLoadAttributes (97ms)
			ProcessInitializeOnLoadMethodAttributes (12ms)
			AfterProcessingInitializeOnLoad (4ms)
			EditorAssembliesLoaded (0ms)
		ExecutionOrderSort2 (0ms)
		AwakeInstancesAfterBackupRestoration (4ms)
Refreshing native plugins compatible for Editor in 0.00 ms, found 0 plugins.
Preloading 0 native plugins for Editor in 0.00 ms.
Unloading 4 Unused Serialized files (Serialized files now loaded: 0)
Unloading 0 unused Assets / (8.8 KB). Loaded Objects now: 490.
Memory consumption went from 53.2 MB to 53.2 MB.
Total: 1.624900 ms (FindLiveObjects: 0.025400 ms CreateObjectMapping: 0.002800 ms MarkObjects: 1.593900 ms  DeleteObjects: 0.002000 ms)

Prepare: number of updated asset objects reloaded= 0
AssetImportParameters requested are different than current active one (requested -> active):
  custom:video-decoder-ogg-theora: a1e56fd34408186e4bbccfd4996cb3dc -> 
  custom:container-muxer-webm: aa71ff27fc2769a1b78a27578f13a17b -> 
  custom:container-demuxer-webm: 4f35f7cbe854078d1ac9338744f61a02 -> 
  custom:video-encoder-webm-vp8: eb34c28f22e8b96e1ab97ce403110664 -> 
  custom:video-codec-MediaFoundation-h265: 746d11721c4dcdbdad8f713fa42b33f4 -> 
  custom:CustomObjectIndexerAttribute: 9a22284fe3817be447336de3de66b15e -> 
  custom:audio-encoder-webm-vorbis: bf7c407c2cedff20999df2af8eb42d56 -> 
  custom:framework-win-MediaFoundation: 216162199b28c13a410421893ffa2e32 -> 
  custom:SearchIndexIgnoredProperties: e643bd26f0fe6173181afceb89e7c659 -> 
  custom:container-demuxer-ogg: 62fdf1f143b41e24485cea50d1cbac27 -> 
  custom:video-decoder-webm-vp8: 9c59270c3fd7afecdb556c50c9e8de78 -> 
  custom:audio-decoder-ogg-vorbis: bf7c407c2cedff20999df2af8eb42d56 -> 
  custom:AudioImporter_EditorPlatform: d09bf68614088b80899f8185d706f6e7 -> 
========================================================================
Received Prepare
Caller must complete domain reload
Begin MonoManager ReloadAssembly
- Loaded All Assemblies, in  0.161 seconds
Native extension for WindowsStandalone target not found
Native extension for WebGL target not found
Mono: successfully reloaded assembly
- Finished resetting the current domain, in  0.239 seconds
Domain Reload Profiling: 399ms
	BeginReloadAssembly (97ms)
		ExecutionOrderSort (0ms)
		DisableScriptedObjects (3ms)
		BackupInstance (0ms)
		ReleaseScriptingObjects (0ms)
		CreateAndSetChildDomain (13ms)
	RebuildCommonClasses (28ms)
	RebuildNativeTypeToScriptingClass (10ms)
	initialDomainReloadingComplete (18ms)
	LoadAllAssembliesAndSetupDomain (7ms)
		LoadAssemblies (60ms)
		RebuildTransferFunctionScriptingTraits (0ms)
		AnalyzeDomain (5ms)
			TypeCache.Refresh (4ms)
				TypeCache.ScanAssembly (0ms)
			ScanForSourceGeneratedMonoScriptInfo (0ms)
			ResolveRequiredComponents (1ms)
	FinalizeReload (239ms)
		ReleaseScriptCaches (0ms)
		RebuildScriptCaches (0ms)
		SetupLoadedEditorAssemblies (150ms)
			LogAssemblyErrors (0ms)
			InitializePlatformSupportModulesInManaged (5ms)
			SetLoadedEditorAssemblies (4ms)
			RefreshPlugins (0ms)
			BeforeProcessingInitializeOnLoad (20ms)
			ProcessInitializeOnLoadAttributes (105ms)
			ProcessInitializeOnLoadMethodAttributes (12ms)
			AfterProcessingInitializeOnLoad (4ms)
			EditorAssembliesLoaded (0ms)
		ExecutionOrderSort2 (0ms)
		AwakeInstancesAfterBackupRestoration (4ms)
Refreshing native plugins compatible for Editor in 0.00 ms, found 0 plugins.
Preloading 0 native plugins for Editor in 0.00 ms.
Unloading 4 Unused Serialized files (Serialized files now loaded: 0)
Unloading 0 unused Assets / (8.8 KB). Loaded Objects now: 490.
Memory consumption went from 53.2 MB to 53.2 MB.
Total: 1.457100 ms (FindLiveObjects: 0.025400 ms CreateObjectMapping: 0.002800 ms MarkObjects: 1.426500 ms  DeleteObjects: 0.001800 ms)

Prepare: number of updated asset objects reloaded= 0
AssetImportParameters requested are different than current active one (requested -> active):
  custom:video-decoder-ogg-theora: a1e56fd34408186e4bbccfd4996cb3dc -> 
  custom:container-muxer-webm: aa71ff27fc2769a1b78a27578f13a17b -> 
  custom:container-demuxer-webm: 4f35f7cbe854078d1ac9338744f61a02 -> 
  custom:video-encoder-webm-vp8: eb34c28f22e8b96e1ab97ce403110664 -> 
  custom:video-codec-MediaFoundation-h265: 746d11721c4dcdbdad8f713fa42b33f4 -> 
  custom:CustomObjectIndexerAttribute: 9a22284fe3817be447336de3de66b15e -> 
  custom:audio-encoder-webm-vorbis: bf7c407c2cedff20999df2af8eb42d56 -> 
  custom:framework-win-MediaFoundation: 216162199b28c13a410421893ffa2e32 -> 
  custom:SearchIndexIgnoredProperties: e643bd26f0fe6173181afceb89e7c659 -> 
  custom:container-demuxer-ogg: 62fdf1f143b41e24485cea50d1cbac27 -> 
  custom:video-decoder-webm-vp8: 9c59270c3fd7afecdb556c50c9e8de78 -> 
  custom:audio-decoder-ogg-vorbis: bf7c407c2cedff20999df2af8eb42d56 -> 
  custom:AudioImporter_EditorPlatform: d09bf68614088b80899f8185d706f6e7 -> 
========================================================================
Received Prepare
Caller must complete domain reload
Begin MonoManager ReloadAssembly
- Loaded All Assemblies, in  0.150 seconds
Native extension for WindowsStandalone target not found
Native extension for WebGL target not found
Mono: successfully reloaded assembly
- Finished resetting the current domain, in  0.226 seconds
Domain Reload Profiling: 375ms
	BeginReloadAssembly (97ms)
		ExecutionOrderSort (0ms)
		DisableScriptedObjects (4ms)
		BackupInstance (0ms)
		ReleaseScriptingObjects (0ms)
		CreateAndSetChildDomain (12ms)
	RebuildCommonClasses (23ms)
	RebuildNativeTypeToScriptingClass (7ms)
	initialDomainReloadingComplete (16ms)
	LoadAllAssembliesAndSetupDomain (6ms)
		LoadAssemblies (56ms)
		RebuildTransferFunctionScriptingTraits (0ms)
		AnalyzeDomain (4ms)
			TypeCache.Refresh (3ms)
				TypeCache.ScanAssembly (0ms)
			ScanForSourceGeneratedMonoScriptInfo (0ms)
			ResolveRequiredComponents (1ms)
	FinalizeReload (226ms)
		ReleaseScriptCaches (0ms)
		RebuildScriptCaches (0ms)
		SetupLoadedEditorAssemblies (144ms)
			LogAssemblyErrors (0ms)
			InitializePlatformSupportModulesInManaged (6ms)
			SetLoadedEditorAssemblies (4ms)
			RefreshPlugins (0ms)
			BeforeProcessingInitializeOnLoad (21ms)
			ProcessInitializeOnLoadAttributes (97ms)
			ProcessInitializeOnLoadMethodAttributes (13ms)
			AfterProcessingInitializeOnLoad (4ms)
			EditorAssembliesLoaded (0ms)
		ExecutionOrderSort2 (0ms)
		AwakeInstancesAfterBackupRestoration (4ms)
Refreshing native plugins compatible for Editor in 0.00 ms, found 0 plugins.
Preloading 0 native plugins for Editor in 0.00 ms.
Unloading 4 Unused Serialized files (Serialized files now loaded: 0)
Unloading 0 unused Assets / (8.8 KB). Loaded Objects now: 490.
Memory consumption went from 53.2 MB to 53.2 MB.
Total: 1.527200 ms (FindLiveObjects: 0.054400 ms CreateObjectMapping: 0.003500 ms MarkObjects: 1.466000 ms  DeleteObjects: 0.002100 ms)

Prepare: number of updated asset objects reloaded= 0
AssetImportParameters requested are different than current active one (requested -> active):
  custom:video-decoder-ogg-theora: a1e56fd34408186e4bbccfd4996cb3dc -> 
  custom:container-muxer-webm: aa71ff27fc2769a1b78a27578f13a17b -> 
  custom:container-demuxer-webm: 4f35f7cbe854078d1ac9338744f61a02 -> 
  custom:video-encoder-webm-vp8: eb34c28f22e8b96e1ab97ce403110664 -> 
  custom:video-codec-MediaFoundation-h265: 746d11721c4dcdbdad8f713fa42b33f4 -> 
  custom:CustomObjectIndexerAttribute: 9a22284fe3817be447336de3de66b15e -> 
  custom:audio-encoder-webm-vorbis: bf7c407c2cedff20999df2af8eb42d56 -> 
  custom:framework-win-MediaFoundation: 216162199b28c13a410421893ffa2e32 -> 
  custom:SearchIndexIgnoredProperties: e643bd26f0fe6173181afceb89e7c659 -> 
  custom:container-demuxer-ogg: 62fdf1f143b41e24485cea50d1cbac27 -> 
  custom:video-decoder-webm-vp8: 9c59270c3fd7afecdb556c50c9e8de78 -> 
  custom:audio-decoder-ogg-vorbis: bf7c407c2cedff20999df2af8eb42d56 -> 
  custom:AudioImporter_EditorPlatform: d09bf68614088b80899f8185d706f6e7 -> 
========================================================================
Received Import Request.
  Time since last request: 37.289920 seconds.
  path: Assets/Components/WindowMove.prefab
  artifactKey: Guid(e7011803beb0ad747adac0b5c19f3c7c) Importer(815301076,1909f56bfc062723c751e8b465ee728b)
Start importing Assets/Components/WindowMove.prefab using Guid(e7011803beb0ad747adac0b5c19f3c7c) Importer(815301076,1909f56bfc062723c751e8b465ee728b) [PhysX] Initialized MultithreadedTaskDispatcher with 20 workers.
 -> (artifact id: 'fa2f846ba4cda11c5cd4b8647766b19b') in 0.002050 seconds
Number of updated asset objects reloaded before import = 0
Number of asset objects unloaded after import = 0
========================================================================
Received Import Request.
  Time since last request: 0.000055 seconds.
  path: Assets/Components/Builder.prefab
  artifactKey: Guid(dc233e65d39cd32479f33577d4439c00) Importer(815301076,1909f56bfc062723c751e8b465ee728b)
Start importing Assets/Components/Builder.prefab using Guid(dc233e65d39cd32479f33577d4439c00) Importer(815301076,1909f56bfc062723c751e8b465ee728b) [PhysX] Initialized MultithreadedTaskDispatcher with 20 workers.
 -> (artifact id: 'f2cbb6c7886ad5621eab2037b47e8dfe') in 0.000484 seconds
Number of updated asset objects reloaded before import = 0
Number of asset objects unloaded after import = 0
========================================================================
Received Import Request.
  Time since last request: 0.000073 seconds.
  path: Assets/Components/Bandit.prefab
  artifactKey: Guid(c6ee285db8c3a424abeb378a31ab418b) Importer(815301076,1909f56bfc062723c751e8b465ee728b)
Start importing Assets/Components/Bandit.prefab using Guid(c6ee285db8c3a424abeb378a31ab418b) Importer(815301076,1909f56bfc062723c751e8b465ee728b) [PhysX] Initialized MultithreadedTaskDispatcher with 20 workers.
 -> (artifact id: 'fb99cf8997f04baeb742a0fa0a53e984') in 0.000380 seconds
Number of updated asset objects reloaded before import = 0
Number of asset objects unloaded after import = 0
========================================================================
Received Import Request.
  Time since last request: 17.244732 seconds.
  path: Assets/Components/Builder.prefab
  artifactKey: Guid(dc233e65d39cd32479f33577d4439c00) Importer(815301076,1909f56bfc062723c751e8b465ee728b)
Start importing Assets/Components/Builder.prefab using Guid(dc233e65d39cd32479f33577d4439c00) Importer(815301076,1909f56bfc062723c751e8b465ee728b) [PhysX] Initialized MultithreadedTaskDispatcher with 20 workers.
 -> (artifact id: 'f2cbb6c7886ad5621eab2037b47e8dfe') in 0.000465 seconds
Number of updated asset objects reloaded before import = 0
Number of asset objects unloaded after import = 0
========================================================================
Received Import Request.
  Time since last request: 0.000166 seconds.
  path: Assets/Components/WindowMove.prefab
  artifactKey: Guid(e7011803beb0ad747adac0b5c19f3c7c) Importer(815301076,1909f56bfc062723c751e8b465ee728b)
Start importing Assets/Components/WindowMove.prefab using Guid(e7011803beb0ad747adac0b5c19f3c7c) Importer(815301076,1909f56bfc062723c751e8b465ee728b) [PhysX] Initialized MultithreadedTaskDispatcher with 20 workers.
 -> (artifact id: 'fa2f846ba4cda11c5cd4b8647766b19b') in 0.000330 seconds
Number of updated asset objects reloaded before import = 0
Number of asset objects unloaded after import = 0
========================================================================
Received Import Request.
  Time since last request: 4.969030 seconds.
  path: Assets/Components/Builder.prefab
  artifactKey: Guid(dc233e65d39cd32479f33577d4439c00) Importer(815301076,1909f56bfc062723c751e8b465ee728b)
Start importing Assets/Components/Builder.prefab using Guid(dc233e65d39cd32479f33577d4439c00) Importer(815301076,1909f56bfc062723c751e8b465ee728b) [PhysX] Initialized MultithreadedTaskDispatcher with 20 workers.
 -> (artifact id: 'f2cbb6c7886ad5621eab2037b47e8dfe') in 0.000419 seconds
Number of updated asset objects reloaded before import = 0
Number of asset objects unloaded after import = 0
========================================================================
Received Import Request.
  Time since last request: 0.000140 seconds.
  path: Assets/Components/WindowMove.prefab
  artifactKey: Guid(e7011803beb0ad747adac0b5c19f3c7c) Importer(815301076,1909f56bfc062723c751e8b465ee728b)
Start importing Assets/Components/WindowMove.prefab using Guid(e7011803beb0ad747adac0b5c19f3c7c) Importer(815301076,1909f56bfc062723c751e8b465ee728b) [PhysX] Initialized MultithreadedTaskDispatcher with 20 workers.
 -> (artifact id: 'fa2f846ba4cda11c5cd4b8647766b19b') in 0.000773 seconds
Number of updated asset objects reloaded before import = 0
Number of asset objects unloaded after import = 0
========================================================================
Received Import Request.
  Time since last request: 94.580767 seconds.
  path: Assets/Components/Builder.prefab
  artifactKey: Guid(dc233e65d39cd32479f33577d4439c00) Importer(815301076,1909f56bfc062723c751e8b465ee728b)
Start importing Assets/Components/Builder.prefab using Guid(dc233e65d39cd32479f33577d4439c00) Importer(815301076,1909f56bfc062723c751e8b465ee728b) [PhysX] Initialized MultithreadedTaskDispatcher with 20 workers.
 -> (artifact id: 'f2cbb6c7886ad5621eab2037b47e8dfe') in 0.000588 seconds
Number of updated asset objects reloaded before import = 0
Number of asset objects unloaded after import = 0
========================================================================
Received Import Request.
  Time since last request: 11.764364 seconds.
  path: Assets/Components/Builder.prefab
  artifactKey: Guid(dc233e65d39cd32479f33577d4439c00) Importer(815301076,1909f56bfc062723c751e8b465ee728b)
Start importing Assets/Components/Builder.prefab using Guid(dc233e65d39cd32479f33577d4439c00) Importer(815301076,1909f56bfc062723c751e8b465ee728b) [PhysX] Initialized MultithreadedTaskDispatcher with 20 workers.
 -> (artifact id: 'f2cbb6c7886ad5621eab2037b47e8dfe') in 0.000386 seconds
Number of updated asset objects reloaded before import = 0
Number of asset objects unloaded after import = 0
========================================================================
Received Import Request.
  Time since last request: 0.000115 seconds.
  path: Assets/Components/Floor.prefab
  artifactKey: Guid(e46878fa31883f346b54f53d75c04b6b) Importer(815301076,1909f56bfc062723c751e8b465ee728b)
Start importing Assets/Components/Floor.prefab using Guid(e46878fa31883f346b54f53d75c04b6b) Importer(815301076,1909f56bfc062723c751e8b465ee728b) [PhysX] Initialized MultithreadedTaskDispatcher with 20 workers.
 -> (artifact id: 'a8edab4be78ca8b45d36a90d573f520e') in 0.021340 seconds
Number of updated asset objects reloaded before import = 0
Number of asset objects unloaded after import = 5
========================================================================
Received Import Request.
  Time since last request: 2.613361 seconds.
  path: Assets/Components/Builder.prefab
  artifactKey: Guid(dc233e65d39cd32479f33577d4439c00) Importer(815301076,1909f56bfc062723c751e8b465ee728b)
Start importing Assets/Components/Builder.prefab using Guid(dc233e65d39cd32479f33577d4439c00) Importer(815301076,1909f56bfc062723c751e8b465ee728b) [PhysX] Initialized MultithreadedTaskDispatcher with 20 workers.
 -> (artifact id: 'f2cbb6c7886ad5621eab2037b47e8dfe') in 0.000387 seconds
Number of updated asset objects reloaded before import = 0
Number of asset objects unloaded after import = 0
========================================================================
Received Import Request.
  Time since last request: 0.000051 seconds.
  path: Assets/Components/Floor.prefab
  artifactKey: Guid(e46878fa31883f346b54f53d75c04b6b) Importer(815301076,1909f56bfc062723c751e8b465ee728b)
Start importing Assets/Components/Floor.prefab using Guid(e46878fa31883f346b54f53d75c04b6b) Importer(815301076,1909f56bfc062723c751e8b465ee728b) [PhysX] Initialized MultithreadedTaskDispatcher with 20 workers.
 -> (artifact id: '2413d46ce6040bc64ebac5a1904c288b') in 0.001813 seconds
Number of updated asset objects reloaded before import = 0
Number of asset objects unloaded after import = 6
========================================================================
Received Import Request.
  Time since last request: 14.449759 seconds.
  path: Assets/Components/Builder.prefab
  artifactKey: Guid(dc233e65d39cd32479f33577d4439c00) Importer(815301076,1909f56bfc062723c751e8b465ee728b)
Start importing Assets/Components/Builder.prefab using Guid(dc233e65d39cd32479f33577d4439c00) Importer(815301076,1909f56bfc062723c751e8b465ee728b) [PhysX] Initialized MultithreadedTaskDispatcher with 20 workers.
 -> (artifact id: 'f2cbb6c7886ad5621eab2037b47e8dfe') in 0.000415 seconds
Number of updated asset objects reloaded before import = 0
Number of asset objects unloaded after import = 0
========================================================================
Received Import Request.
  Time since last request: 0.000176 seconds.
  path: Assets/Components/Floor.prefab
  artifactKey: Guid(e46878fa31883f346b54f53d75c04b6b) Importer(815301076,1909f56bfc062723c751e8b465ee728b)
Start importing Assets/Components/Floor.prefab using Guid(e46878fa31883f346b54f53d75c04b6b) Importer(815301076,1909f56bfc062723c751e8b465ee728b) [PhysX] Initialized MultithreadedTaskDispatcher with 20 workers.
 -> (artifact id: '89f10e3a11fbac4e058aeac81d21ea45') in 0.001321 seconds
Number of updated asset objects reloaded before import = 0
Number of asset objects unloaded after import = 6
========================================================================
Received Import Request.
  Time since last request: 41.363885 seconds.
  path: Assets/Components/Builder.prefab
  artifactKey: Guid(dc233e65d39cd32479f33577d4439c00) Importer(815301076,1909f56bfc062723c751e8b465ee728b)
Start importing Assets/Components/Builder.prefab using Guid(dc233e65d39cd32479f33577d4439c00) Importer(815301076,1909f56bfc062723c751e8b465ee728b) [PhysX] Initialized MultithreadedTaskDispatcher with 20 workers.
 -> (artifact id: 'f2cbb6c7886ad5621eab2037b47e8dfe') in 0.000483 seconds
Number of updated asset objects reloaded before import = 0
Number of asset objects unloaded after import = 0
========================================================================
Received Import Request.
  Time since last request: 0.000061 seconds.
  path: Assets/Components/Floor.prefab
  artifactKey: Guid(e46878fa31883f346b54f53d75c04b6b) Importer(815301076,1909f56bfc062723c751e8b465ee728b)
Start importing Assets/Components/Floor.prefab using Guid(e46878fa31883f346b54f53d75c04b6b) Importer(815301076,1909f56bfc062723c751e8b465ee728b) [PhysX] Initialized MultithreadedTaskDispatcher with 20 workers.
[PhysX] Initialized MultithreadedTaskDispatcher with 20 workers.
 -> (artifact id: '2c6d6edeb220a0bf0d2b9ecdfde06939') in 0.034771 seconds
Number of updated asset objects reloaded before import = 0
Number of asset objects unloaded after import = 8
========================================================================
Received Prepare
Caller must complete domain reload
Begin MonoManager ReloadAssembly
- Loaded All Assemblies, in  0.164 seconds
Native extension for WindowsStandalone target not found
Native extension for WebGL target not found
Mono: successfully reloaded assembly
- Finished resetting the current domain, in  0.218 seconds
Domain Reload Profiling: 380ms
	BeginReloadAssembly (101ms)
		ExecutionOrderSort (0ms)
		DisableScriptedObjects (3ms)
		BackupInstance (0ms)
		ReleaseScriptingObjects (0ms)
		CreateAndSetChildDomain (16ms)
	RebuildCommonClasses (29ms)
	RebuildNativeTypeToScriptingClass (7ms)
	initialDomainReloadingComplete (19ms)
	LoadAllAssembliesAndSetupDomain (6ms)
		LoadAssemblies (61ms)
		RebuildTransferFunctionScriptingTraits (0ms)
		AnalyzeDomain (4ms)
			TypeCache.Refresh (3ms)
				TypeCache.ScanAssembly (0ms)
			ScanForSourceGeneratedMonoScriptInfo (0ms)
			ResolveRequiredComponents (0ms)
	FinalizeReload (218ms)
		ReleaseScriptCaches (0ms)
		RebuildScriptCaches (0ms)
		SetupLoadedEditorAssemblies (136ms)
			LogAssemblyErrors (0ms)
			InitializePlatformSupportModulesInManaged (5ms)
			SetLoadedEditorAssemblies (4ms)
			RefreshPlugins (0ms)
			BeforeProcessingInitializeOnLoad (19ms)
			ProcessInitializeOnLoadAttributes (92ms)
			ProcessInitializeOnLoadMethodAttributes (13ms)
			AfterProcessingInitializeOnLoad (4ms)
			EditorAssembliesLoaded (0ms)
		ExecutionOrderSort2 (0ms)
		AwakeInstancesAfterBackupRestoration (5ms)
Refreshing native plugins compatible for Editor in 0.00 ms, found 0 plugins.
Preloading 0 native plugins for Editor in 0.00 ms.
Unloading 4 Unused Serialized files (Serialized files now loaded: 0)
Unloading 0 unused Assets / (8.8 KB). Loaded Objects now: 490.
Memory consumption went from 53.3 MB to 53.3 MB.
Total: 1.542300 ms (FindLiveObjects: 0.028100 ms CreateObjectMapping: 0.003000 ms MarkObjects: 1.507100 ms  DeleteObjects: 0.003300 ms)

Prepare: number of updated asset objects reloaded= 0
AssetImportParameters requested are different than current active one (requested -> active):
  custom:video-decoder-ogg-theora: a1e56fd34408186e4bbccfd4996cb3dc -> 
  custom:container-muxer-webm: aa71ff27fc2769a1b78a27578f13a17b -> 
  custom:container-demuxer-webm: 4f35f7cbe854078d1ac9338744f61a02 -> 
  custom:video-encoder-webm-vp8: eb34c28f22e8b96e1ab97ce403110664 -> 
  custom:video-codec-MediaFoundation-h265: 746d11721c4dcdbdad8f713fa42b33f4 -> 
  custom:CustomObjectIndexerAttribute: 9a22284fe3817be447336de3de66b15e -> 
  custom:audio-encoder-webm-vorbis: bf7c407c2cedff20999df2af8eb42d56 -> 
  custom:framework-win-MediaFoundation: 216162199b28c13a410421893ffa2e32 -> 
  custom:SearchIndexIgnoredProperties: e643bd26f0fe6173181afceb89e7c659 -> 
  custom:container-demuxer-ogg: 62fdf1f143b41e24485cea50d1cbac27 -> 
  custom:video-decoder-webm-vp8: 9c59270c3fd7afecdb556c50c9e8de78 -> 
  custom:audio-decoder-ogg-vorbis: bf7c407c2cedff20999df2af8eb42d56 -> 
  custom:AudioImporter_EditorPlatform: d09bf68614088b80899f8185d706f6e7 -> 
========================================================================
Received Import Request.
  Time since last request: 3.221857 seconds.
  path: Assets/Components/WindowMove.prefab
  artifactKey: Guid(e7011803beb0ad747adac0b5c19f3c7c) Importer(815301076,1909f56bfc062723c751e8b465ee728b)
Start importing Assets/Components/WindowMove.prefab using Guid(e7011803beb0ad747adac0b5c19f3c7c) Importer(815301076,1909f56bfc062723c751e8b465ee728b) [PhysX] Initialized MultithreadedTaskDispatcher with 20 workers.
 -> (artifact id: 'fa2f846ba4cda11c5cd4b8647766b19b') in 0.001615 seconds
Number of updated asset objects reloaded before import = 0
Number of asset objects unloaded after import = 0
========================================================================
Received Import Request.
  Time since last request: 12.257421 seconds.
  path: Assets/Components/Builder.prefab
  artifactKey: Guid(dc233e65d39cd32479f33577d4439c00) Importer(815301076,1909f56bfc062723c751e8b465ee728b)
Start importing Assets/Components/Builder.prefab using Guid(dc233e65d39cd32479f33577d4439c00) Importer(815301076,1909f56bfc062723c751e8b465ee728b) [PhysX] Initialized MultithreadedTaskDispatcher with 20 workers.
 -> (artifact id: 'f2cbb6c7886ad5621eab2037b47e8dfe') in 0.000421 seconds
Number of updated asset objects reloaded before import = 0
Number of asset objects unloaded after import = 0
========================================================================
Received Import Request.
  Time since last request: 0.000073 seconds.
  path: Assets/Components/Floor.prefab
  artifactKey: Guid(e46878fa31883f346b54f53d75c04b6b) Importer(815301076,1909f56bfc062723c751e8b465ee728b)
Start importing Assets/Components/Floor.prefab using Guid(e46878fa31883f346b54f53d75c04b6b) Importer(815301076,1909f56bfc062723c751e8b465ee728b) [PhysX] Initialized MultithreadedTaskDispatcher with 20 workers.
[PhysX] Initialized MultithreadedTaskDispatcher with 20 workers.
 -> (artifact id: 'ed5b10f2594f84105dae80e179a18f3e') in 0.054655 seconds
Number of updated asset objects reloaded before import = 0
Number of asset objects unloaded after import = 6
========================================================================
Received Import Request.
  Time since last request: 16.198915 seconds.
  path: Assets/Components/Builder.prefab
  artifactKey: Guid(dc233e65d39cd32479f33577d4439c00) Importer(815301076,1909f56bfc062723c751e8b465ee728b)
Start importing Assets/Components/Builder.prefab using Guid(dc233e65d39cd32479f33577d4439c00) Importer(815301076,1909f56bfc062723c751e8b465ee728b) [PhysX] Initialized MultithreadedTaskDispatcher with 20 workers.
 -> (artifact id: 'f2cbb6c7886ad5621eab2037b47e8dfe') in 0.000407 seconds
Number of updated asset objects reloaded before import = 0
Number of asset objects unloaded after import = 0
========================================================================
Received Import Request.
  Time since last request: 0.000237 seconds.
  path: Assets/Components/Floor.prefab
  artifactKey: Guid(e46878fa31883f346b54f53d75c04b6b) Importer(815301076,1909f56bfc062723c751e8b465ee728b)
Start importing Assets/Components/Floor.prefab using Guid(e46878fa31883f346b54f53d75c04b6b) Importer(815301076,1909f56bfc062723c751e8b465ee728b) [PhysX] Initialized MultithreadedTaskDispatcher with 20 workers.
 -> (artifact id: 'd096f3193da8a0992179df4f60d673a0') in 0.001225 seconds
Number of updated asset objects reloaded before import = 0
Number of asset objects unloaded after import = 6
========================================================================
Received Import Request.
  Time since last request: 24.131819 seconds.
  path: Assets/Components/Builder.prefab
  artifactKey: Guid(dc233e65d39cd32479f33577d4439c00) Importer(815301076,1909f56bfc062723c751e8b465ee728b)
Start importing Assets/Components/Builder.prefab using Guid(dc233e65d39cd32479f33577d4439c00) Importer(815301076,1909f56bfc062723c751e8b465ee728b) [PhysX] Initialized MultithreadedTaskDispatcher with 20 workers.
 -> (artifact id: 'f2cbb6c7886ad5621eab2037b47e8dfe') in 0.000598 seconds
Number of updated asset objects reloaded before import = 0
Number of asset objects unloaded after import = 0
========================================================================
Received Import Request.
  Time since last request: 29.641212 seconds.
  path: Assets/Components/Builder.prefab
  artifactKey: Guid(dc233e65d39cd32479f33577d4439c00) Importer(815301076,1909f56bfc062723c751e8b465ee728b)
Start importing Assets/Components/Builder.prefab using Guid(dc233e65d39cd32479f33577d4439c00) Importer(815301076,1909f56bfc062723c751e8b465ee728b) [PhysX] Initialized MultithreadedTaskDispatcher with 20 workers.
 -> (artifact id: 'f2cbb6c7886ad5621eab2037b47e8dfe') in 0.000384 seconds
Number of updated asset objects reloaded before import = 0
Number of asset objects unloaded after import = 0
========================================================================
Received Import Request.
  Time since last request: 39.987597 seconds.
  path: Assets/Components/Builder.prefab
  artifactKey: Guid(dc233e65d39cd32479f33577d4439c00) Importer(815301076,1909f56bfc062723c751e8b465ee728b)
Start importing Assets/Components/Builder.prefab using Guid(dc233e65d39cd32479f33577d4439c00) Importer(815301076,1909f56bfc062723c751e8b465ee728b) [PhysX] Initialized MultithreadedTaskDispatcher with 20 workers.
 -> (artifact id: 'f2cbb6c7886ad5621eab2037b47e8dfe') in 0.000434 seconds
Number of updated asset objects reloaded before import = 0
Number of asset objects unloaded after import = 0
========================================================================
Received Import Request.
  Time since last request: 3.760223 seconds.
  path: Assets/Components/Builder.prefab
  artifactKey: Guid(dc233e65d39cd32479f33577d4439c00) Importer(815301076,1909f56bfc062723c751e8b465ee728b)
Start importing Assets/Components/Builder.prefab using Guid(dc233e65d39cd32479f33577d4439c00) Importer(815301076,1909f56bfc062723c751e8b465ee728b) [PhysX] Initialized MultithreadedTaskDispatcher with 20 workers.
 -> (artifact id: 'f2cbb6c7886ad5621eab2037b47e8dfe') in 0.000394 seconds
Number of updated asset objects reloaded before import = 0
Number of asset objects unloaded after import = 0
========================================================================
Received Import Request.
  Time since last request: 0.000143 seconds.
  path: Assets/Components/Floor.prefab
  artifactKey: Guid(e46878fa31883f346b54f53d75c04b6b) Importer(815301076,1909f56bfc062723c751e8b465ee728b)
Start importing Assets/Components/Floor.prefab using Guid(e46878fa31883f346b54f53d75c04b6b) Importer(815301076,1909f56bfc062723c751e8b465ee728b) [PhysX] Initialized MultithreadedTaskDispatcher with 20 workers.
 -> (artifact id: '7c7c5dd01ef755d954f4c9701d68a6ff') in 0.001157 seconds
Number of updated asset objects reloaded before import = 0
Number of asset objects unloaded after import = 6
========================================================================
Received Prepare
Caller must complete domain reload
Begin MonoManager ReloadAssembly
- Loaded All Assemblies, in  0.152 seconds
Native extension for WindowsStandalone target not found
Native extension for WebGL target not found
Mono: successfully reloaded assembly
- Finished resetting the current domain, in  0.222 seconds
Domain Reload Profiling: 374ms
	BeginReloadAssembly (99ms)
		ExecutionOrderSort (0ms)
		DisableScriptedObjects (3ms)
		BackupInstance (0ms)
		ReleaseScriptingObjects (0ms)
		CreateAndSetChildDomain (15ms)
	RebuildCommonClasses (23ms)
	RebuildNativeTypeToScriptingClass (7ms)
	initialDomainReloadingComplete (17ms)
	LoadAllAssembliesAndSetupDomain (5ms)
		LoadAssemblies (58ms)
		RebuildTransferFunctionScriptingTraits (0ms)
		AnalyzeDomain (3ms)
			TypeCache.Refresh (3ms)
				TypeCache.ScanAssembly (0ms)
			ScanForSourceGeneratedMonoScriptInfo (0ms)
			ResolveRequiredComponents (0ms)
	FinalizeReload (223ms)
		ReleaseScriptCaches (0ms)
		RebuildScriptCaches (0ms)
		SetupLoadedEditorAssemblies (143ms)
			LogAssemblyErrors (0ms)
			InitializePlatformSupportModulesInManaged (5ms)
			SetLoadedEditorAssemblies (4ms)
			RefreshPlugins (0ms)
			BeforeProcessingInitializeOnLoad (22ms)
			ProcessInitializeOnLoadAttributes (96ms)
			ProcessInitializeOnLoadMethodAttributes (12ms)
			AfterProcessingInitializeOnLoad (4ms)
			EditorAssembliesLoaded (0ms)
		ExecutionOrderSort2 (0ms)
		AwakeInstancesAfterBackupRestoration (4ms)
Refreshing native plugins compatible for Editor in 0.00 ms, found 0 plugins.
Preloading 0 native plugins for Editor in 0.00 ms.
Unloading 4 Unused Serialized files (Serialized files now loaded: 0)
Unloading 2 unused Assets / (10.8 KB). Loaded Objects now: 490.
Memory consumption went from 53.3 MB to 53.3 MB.
Total: 1.457600 ms (FindLiveObjects: 0.022100 ms CreateObjectMapping: 0.002500 ms MarkObjects: 1.394600 ms  DeleteObjects: 0.037800 ms)

Prepare: number of updated asset objects reloaded= 0
AssetImportParameters requested are different than current active one (requested -> active):
  custom:video-decoder-ogg-theora: a1e56fd34408186e4bbccfd4996cb3dc -> 
  custom:container-muxer-webm: aa71ff27fc2769a1b78a27578f13a17b -> 
  custom:container-demuxer-webm: 4f35f7cbe854078d1ac9338744f61a02 -> 
  custom:video-encoder-webm-vp8: eb34c28f22e8b96e1ab97ce403110664 -> 
  custom:video-codec-MediaFoundation-h265: 746d11721c4dcdbdad8f713fa42b33f4 -> 
  custom:CustomObjectIndexerAttribute: 9a22284fe3817be447336de3de66b15e -> 
  custom:audio-encoder-webm-vorbis: bf7c407c2cedff20999df2af8eb42d56 -> 
  custom:framework-win-MediaFoundation: 216162199b28c13a410421893ffa2e32 -> 
  custom:SearchIndexIgnoredProperties: e643bd26f0fe6173181afceb89e7c659 -> 
  custom:container-demuxer-ogg: 62fdf1f143b41e24485cea50d1cbac27 -> 
  custom:video-decoder-webm-vp8: 9c59270c3fd7afecdb556c50c9e8de78 -> 
  custom:audio-decoder-ogg-vorbis: bf7c407c2cedff20999df2af8eb42d56 -> 
  custom:AudioImporter_EditorPlatform: d09bf68614088b80899f8185d706f6e7 -> 
========================================================================
Received Import Request.
  Time since last request: 13.717446 seconds.
  path: Assets/Components/WindowMove.prefab
  artifactKey: Guid(e7011803beb0ad747adac0b5c19f3c7c) Importer(815301076,1909f56bfc062723c751e8b465ee728b)
Start importing Assets/Components/WindowMove.prefab using Guid(e7011803beb0ad747adac0b5c19f3c7c) Importer(815301076,1909f56bfc062723c751e8b465ee728b) [PhysX] Initialized MultithreadedTaskDispatcher with 20 workers.
 -> (artifact id: 'fa2f846ba4cda11c5cd4b8647766b19b') in 0.001541 seconds
Number of updated asset objects reloaded before import = 0
Number of asset objects unloaded after import = 0
========================================================================
Received Import Request.
  Time since last request: 62.291214 seconds.
  path: Assets/Components/Builder.prefab
  artifactKey: Guid(dc233e65d39cd32479f33577d4439c00) Importer(815301076,1909f56bfc062723c751e8b465ee728b)
Start importing Assets/Components/Builder.prefab using Guid(dc233e65d39cd32479f33577d4439c00) Importer(815301076,1909f56bfc062723c751e8b465ee728b) [PhysX] Initialized MultithreadedTaskDispatcher with 20 workers.
 -> (artifact id: 'f2cbb6c7886ad5621eab2037b47e8dfe') in 0.000438 seconds
Number of updated asset objects reloaded before import = 0
Number of asset objects unloaded after import = 0
========================================================================
Received Import Request.
  Time since last request: 0.000255 seconds.
  path: Assets/Components/Floor.prefab
  artifactKey: Guid(e46878fa31883f346b54f53d75c04b6b) Importer(815301076,1909f56bfc062723c751e8b465ee728b)
Start importing Assets/Components/Floor.prefab using Guid(e46878fa31883f346b54f53d75c04b6b) Importer(815301076,1909f56bfc062723c751e8b465ee728b) [PhysX] Initialized MultithreadedTaskDispatcher with 20 workers.
 -> (artifact id: '02d5f5dbc5f2cbfc3a44cf32bfa1a0b3') in 0.021382 seconds
Number of updated asset objects reloaded before import = 0
Number of asset objects unloaded after import = 6
========================================================================
Received Import Request.
  Time since last request: 11.545679 seconds.
  path: Assets/Components/Builder.prefab
  artifactKey: Guid(dc233e65d39cd32479f33577d4439c00) Importer(815301076,1909f56bfc062723c751e8b465ee728b)
Start importing Assets/Components/Builder.prefab using Guid(dc233e65d39cd32479f33577d4439c00) Importer(815301076,1909f56bfc062723c751e8b465ee728b) [PhysX] Initialized MultithreadedTaskDispatcher with 20 workers.
 -> (artifact id: 'f2cbb6c7886ad5621eab2037b47e8dfe') in 0.000517 seconds
Number of updated asset objects reloaded before import = 0
Number of asset objects unloaded after import = 0
========================================================================
Received Import Request.
  Time since last request: 1.495847 seconds.
  path: Assets/Components/Builder.prefab
  artifactKey: Guid(dc233e65d39cd32479f33577d4439c00) Importer(815301076,1909f56bfc062723c751e8b465ee728b)
Start importing Assets/Components/Builder.prefab using Guid(dc233e65d39cd32479f33577d4439c00) Importer(815301076,1909f56bfc062723c751e8b465ee728b) [PhysX] Initialized MultithreadedTaskDispatcher with 20 workers.
 -> (artifact id: 'f2cbb6c7886ad5621eab2037b47e8dfe') in 0.000389 seconds
Number of updated asset objects reloaded before import = 0
Number of asset objects unloaded after import = 0
========================================================================
Received Import Request.
  Time since last request: 0.000185 seconds.
  path: Assets/Components/WindowMove.prefab
  artifactKey: Guid(e7011803beb0ad747adac0b5c19f3c7c) Importer(815301076,1909f56bfc062723c751e8b465ee728b)
Start importing Assets/Components/WindowMove.prefab using Guid(e7011803beb0ad747adac0b5c19f3c7c) Importer(815301076,1909f56bfc062723c751e8b465ee728b) [PhysX] Initialized MultithreadedTaskDispatcher with 20 workers.
 -> (artifact id: 'fa2f846ba4cda11c5cd4b8647766b19b') in 0.000303 seconds
Number of updated asset objects reloaded before import = 0
Number of asset objects unloaded after import = 0
========================================================================
Received Import Request.
  Time since last request: 13.358128 seconds.
  path: Assets/Components/Builder.prefab
  artifactKey: Guid(dc233e65d39cd32479f33577d4439c00) Importer(815301076,1909f56bfc062723c751e8b465ee728b)
Start importing Assets/Components/Builder.prefab using Guid(dc233e65d39cd32479f33577d4439c00) Importer(815301076,1909f56bfc062723c751e8b465ee728b) [PhysX] Initialized MultithreadedTaskDispatcher with 20 workers.
 -> (artifact id: 'f2cbb6c7886ad5621eab2037b47e8dfe') in 0.000635 seconds
Number of updated asset objects reloaded before import = 0
Number of asset objects unloaded after import = 0
========================================================================
Received Import Request.
  Time since last request: 0.000053 seconds.
  path: Assets/Components/Floor.prefab
  artifactKey: Guid(e46878fa31883f346b54f53d75c04b6b) Importer(815301076,1909f56bfc062723c751e8b465ee728b)
Start importing Assets/Components/Floor.prefab using Guid(e46878fa31883f346b54f53d75c04b6b) Importer(815301076,1909f56bfc062723c751e8b465ee728b) [PhysX] Initialized MultithreadedTaskDispatcher with 20 workers.
 -> (artifact id: '24662b4bcfdc3c5b39c58d1a60fcce12') in 0.001097 seconds
Number of updated asset objects reloaded before import = 0
Number of asset objects unloaded after import = 6
========================================================================
Received Import Request.
  Time since last request: 10.133218 seconds.
  path: Assets/Components/Builder.prefab
  artifactKey: Guid(dc233e65d39cd32479f33577d4439c00) Importer(815301076,1909f56bfc062723c751e8b465ee728b)
Start importing Assets/Components/Builder.prefab using Guid(dc233e65d39cd32479f33577d4439c00) Importer(815301076,1909f56bfc062723c751e8b465ee728b) [PhysX] Initialized MultithreadedTaskDispatcher with 20 workers.
 -> (artifact id: 'f2cbb6c7886ad5621eab2037b47e8dfe') in 0.000397 seconds
Number of updated asset objects reloaded before import = 0
Number of asset objects unloaded after import = 0
========================================================================
Received Import Request.
  Time since last request: 4.897115 seconds.
  path: Assets/Components/Builder.prefab
  artifactKey: Guid(dc233e65d39cd32479f33577d4439c00) Importer(815301076,1909f56bfc062723c751e8b465ee728b)
Start importing Assets/Components/Builder.prefab using Guid(dc233e65d39cd32479f33577d4439c00) Importer(815301076,1909f56bfc062723c751e8b465ee728b) [PhysX] Initialized MultithreadedTaskDispatcher with 20 workers.
 -> (artifact id: 'f2cbb6c7886ad5621eab2037b47e8dfe') in 0.000373 seconds
Number of updated asset objects reloaded before import = 0
Number of asset objects unloaded after import = 0
========================================================================
Received Import Request.
  Time since last request: 0.000215 seconds.
  path: Assets/Components/Floor.prefab
  artifactKey: Guid(e46878fa31883f346b54f53d75c04b6b) Importer(815301076,1909f56bfc062723c751e8b465ee728b)
Start importing Assets/Components/Floor.prefab using Guid(e46878fa31883f346b54f53d75c04b6b) Importer(815301076,1909f56bfc062723c751e8b465ee728b) [PhysX] Initialized MultithreadedTaskDispatcher with 20 workers.
[PhysX] Initialized MultithreadedTaskDispatcher with 20 workers.
 -> (artifact id: '10aa3d268de1225939a5b82f70633d67') in 0.023570 seconds
Number of updated asset objects reloaded before import = 0
Number of asset objects unloaded after import = 9
========================================================================
Received Import Request.
  Time since last request: 7.518748 seconds.
  path: Assets/Components/Bandit.prefab
  artifactKey: Guid(c6ee285db8c3a424abeb378a31ab418b) Importer(815301076,1909f56bfc062723c751e8b465ee728b)
Start importing Assets/Components/Bandit.prefab using Guid(c6ee285db8c3a424abeb378a31ab418b) Importer(815301076,1909f56bfc062723c751e8b465ee728b) [PhysX] Initialized MultithreadedTaskDispatcher with 20 workers.
 -> (artifact id: 'fb99cf8997f04baeb742a0fa0a53e984') in 0.000532 seconds
Number of updated asset objects reloaded before import = 0
Number of asset objects unloaded after import = 0
========================================================================
Received Import Request.
  Time since last request: 0.000071 seconds.
  path: Assets/Components/WindowMove.prefab
  artifactKey: Guid(e7011803beb0ad747adac0b5c19f3c7c) Importer(815301076,1909f56bfc062723c751e8b465ee728b)
Start importing Assets/Components/WindowMove.prefab using Guid(e7011803beb0ad747adac0b5c19f3c7c) Importer(815301076,1909f56bfc062723c751e8b465ee728b) [PhysX] Initialized MultithreadedTaskDispatcher with 20 workers.
 -> (artifact id: 'fa2f846ba4cda11c5cd4b8647766b19b') in 0.000431 seconds
Number of updated asset objects reloaded before import = 0
Number of asset objects unloaded after import = 0
========================================================================
Received Import Request.
  Time since last request: 0.000187 seconds.
  path: Assets/Components/Builder.prefab
  artifactKey: Guid(dc233e65d39cd32479f33577d4439c00) Importer(815301076,1909f56bfc062723c751e8b465ee728b)
Start importing Assets/Components/Builder.prefab using Guid(dc233e65d39cd32479f33577d4439c00) Importer(815301076,1909f56bfc062723c751e8b465ee728b) [PhysX] Initialized MultithreadedTaskDispatcher with 20 workers.
 -> (artifact id: 'f2cbb6c7886ad5621eab2037b47e8dfe') in 0.000358 seconds
Number of updated asset objects reloaded before import = 0
Number of asset objects unloaded after import = 0
========================================================================
Received Import Request.
  Time since last request: 51.117369 seconds.
  path: Assets/Components/Builder.prefab
  artifactKey: Guid(dc233e65d39cd32479f33577d4439c00) Importer(815301076,1909f56bfc062723c751e8b465ee728b)
Start importing Assets/Components/Builder.prefab using Guid(dc233e65d39cd32479f33577d4439c00) Importer(815301076,1909f56bfc062723c751e8b465ee728b) [PhysX] Initialized MultithreadedTaskDispatcher with 20 workers.
 -> (artifact id: 'f2cbb6c7886ad5621eab2037b47e8dfe') in 0.000393 seconds
Number of updated asset objects reloaded before import = 0
Number of asset objects unloaded after import = 0
========================================================================
Received Import Request.
  Time since last request: 5.972709 seconds.
  path: Assets/Components/Builder.prefab
  artifactKey: Guid(dc233e65d39cd32479f33577d4439c00) Importer(815301076,1909f56bfc062723c751e8b465ee728b)
Start importing Assets/Components/Builder.prefab using Guid(dc233e65d39cd32479f33577d4439c00) Importer(815301076,1909f56bfc062723c751e8b465ee728b) [PhysX] Initialized MultithreadedTaskDispatcher with 20 workers.
 -> (artifact id: 'f2cbb6c7886ad5621eab2037b47e8dfe') in 0.000411 seconds
Number of updated asset objects reloaded before import = 0
Number of asset objects unloaded after import = 0
========================================================================
Received Import Request.
  Time since last request: 0.000129 seconds.
  path: Assets/Components/Floor.prefab
  artifactKey: Guid(e46878fa31883f346b54f53d75c04b6b) Importer(815301076,1909f56bfc062723c751e8b465ee728b)
Start importing Assets/Components/Floor.prefab using Guid(e46878fa31883f346b54f53d75c04b6b) Importer(815301076,1909f56bfc062723c751e8b465ee728b) [PhysX] Initialized MultithreadedTaskDispatcher with 20 workers.
[PhysX] Initialized MultithreadedTaskDispatcher with 20 workers.
 -> (artifact id: '3587375fa9864560e500ab09db457c6b') in 0.009538 seconds
Number of updated asset objects reloaded before import = 0
Number of asset objects unloaded after import = 9
========================================================================
Received Prepare
Caller must complete domain reload
Begin MonoManager ReloadAssembly
- Loaded All Assemblies, in  0.148 seconds
Native extension for WindowsStandalone target not found
Native extension for WebGL target not found
Mono: successfully reloaded assembly
- Finished resetting the current domain, in  0.226 seconds
Domain Reload Profiling: 373ms
	BeginReloadAssembly (94ms)
		ExecutionOrderSort (0ms)
		DisableScriptedObjects (3ms)
		BackupInstance (0ms)
		ReleaseScriptingObjects (0ms)
		CreateAndSetChildDomain (13ms)
	RebuildCommonClasses (24ms)
	RebuildNativeTypeToScriptingClass (7ms)
	initialDomainReloadingComplete (17ms)
	LoadAllAssembliesAndSetupDomain (6ms)
		LoadAssemblies (56ms)
		RebuildTransferFunctionScriptingTraits (0ms)
		AnalyzeDomain (4ms)
			TypeCache.Refresh (3ms)
				TypeCache.ScanAssembly (0ms)
			ScanForSourceGeneratedMonoScriptInfo (0ms)
			ResolveRequiredComponents (0ms)
	FinalizeReload (227ms)
		ReleaseScriptCaches (0ms)
		RebuildScriptCaches (0ms)
		SetupLoadedEditorAssemblies (145ms)
			LogAssemblyErrors (0ms)
			InitializePlatformSupportModulesInManaged (5ms)
			SetLoadedEditorAssemblies (4ms)
			RefreshPlugins (0ms)
			BeforeProcessingInitializeOnLoad (19ms)
			ProcessInitializeOnLoadAttributes (100ms)
			ProcessInitializeOnLoadMethodAttributes (12ms)
			AfterProcessingInitializeOnLoad (5ms)
			EditorAssembliesLoaded (0ms)
		ExecutionOrderSort2 (0ms)
		AwakeInstancesAfterBackupRestoration (8ms)
Refreshing native plugins compatible for Editor in 0.00 ms, found 0 plugins.
Preloading 0 native plugins for Editor in 0.00 ms.
Unloading 4 Unused Serialized files (Serialized files now loaded: 0)
Unloading 0 unused Assets / (8.8 KB). Loaded Objects now: 490.
Memory consumption went from 53.3 MB to 53.3 MB.
Total: 1.471800 ms (FindLiveObjects: 0.025700 ms CreateObjectMapping: 0.002900 ms MarkObjects: 1.440500 ms  DeleteObjects: 0.002100 ms)

Prepare: number of updated asset objects reloaded= 0
AssetImportParameters requested are different than current active one (requested -> active):
  custom:video-decoder-ogg-theora: a1e56fd34408186e4bbccfd4996cb3dc -> 
  custom:container-muxer-webm: aa71ff27fc2769a1b78a27578f13a17b -> 
  custom:container-demuxer-webm: 4f35f7cbe854078d1ac9338744f61a02 -> 
  custom:video-encoder-webm-vp8: eb34c28f22e8b96e1ab97ce403110664 -> 
  custom:video-codec-MediaFoundation-h265: 746d11721c4dcdbdad8f713fa42b33f4 -> 
  custom:CustomObjectIndexerAttribute: 9a22284fe3817be447336de3de66b15e -> 
  custom:audio-encoder-webm-vorbis: bf7c407c2cedff20999df2af8eb42d56 -> 
  custom:framework-win-MediaFoundation: 216162199b28c13a410421893ffa2e32 -> 
  custom:SearchIndexIgnoredProperties: e643bd26f0fe6173181afceb89e7c659 -> 
  custom:container-demuxer-ogg: 62fdf1f143b41e24485cea50d1cbac27 -> 
  custom:video-decoder-webm-vp8: 9c59270c3fd7afecdb556c50c9e8de78 -> 
  custom:audio-decoder-ogg-vorbis: bf7c407c2cedff20999df2af8eb42d56 -> 
  custom:AudioImporter_EditorPlatform: d09bf68614088b80899f8185d706f6e7 -> 
========================================================================
Received Prepare
Caller must complete domain reload
Begin MonoManager ReloadAssembly
- Loaded All Assemblies, in  0.272 seconds
Native extension for WindowsStandalone target not found
Native extension for WebGL target not found
Mono: successfully reloaded assembly
- Finished resetting the current domain, in  0.396 seconds
Domain Reload Profiling: 666ms
	BeginReloadAssembly (173ms)
		ExecutionOrderSort (0ms)
		DisableScriptedObjects (8ms)
		BackupInstance (0ms)
		ReleaseScriptingObjects (0ms)
		CreateAndSetChildDomain (24ms)
	RebuildCommonClasses (43ms)
	RebuildNativeTypeToScriptingClass (13ms)
	initialDomainReloadingComplete (29ms)
	LoadAllAssembliesAndSetupDomain (12ms)
		LoadAssemblies (110ms)
		RebuildTransferFunctionScriptingTraits (0ms)
		AnalyzeDomain (9ms)
			TypeCache.Refresh (7ms)
				TypeCache.ScanAssembly (0ms)
			ScanForSourceGeneratedMonoScriptInfo (1ms)
			ResolveRequiredComponents (1ms)
	FinalizeReload (397ms)
		ReleaseScriptCaches (0ms)
		RebuildScriptCaches (0ms)
		SetupLoadedEditorAssemblies (251ms)
			LogAssemblyErrors (0ms)
			InitializePlatformSupportModulesInManaged (10ms)
			SetLoadedEditorAssemblies (6ms)
			RefreshPlugins (0ms)
			BeforeProcessingInitializeOnLoad (34ms)
			ProcessInitializeOnLoadAttributes (170ms)
			ProcessInitializeOnLoadMethodAttributes (22ms)
			AfterProcessingInitializeOnLoad (9ms)
			EditorAssembliesLoaded (0ms)
		ExecutionOrderSort2 (0ms)
		AwakeInstancesAfterBackupRestoration (9ms)
Refreshing native plugins compatible for Editor in 0.00 ms, found 0 plugins.
Preloading 0 native plugins for Editor in 0.00 ms.
Unloading 4 Unused Serialized files (Serialized files now loaded: 0)
Unloading 0 unused Assets / (8.8 KB). Loaded Objects now: 490.
Memory consumption went from 53.3 MB to 53.3 MB.
Total: 2.533700 ms (FindLiveObjects: 0.042000 ms CreateObjectMapping: 0.004100 ms MarkObjects: 2.481900 ms  DeleteObjects: 0.004400 ms)

Prepare: number of updated asset objects reloaded= 0
AssetImportParameters requested are different than current active one (requested -> active):
  custom:video-decoder-ogg-theora: a1e56fd34408186e4bbccfd4996cb3dc -> 
  custom:container-muxer-webm: aa71ff27fc2769a1b78a27578f13a17b -> 
  custom:container-demuxer-webm: 4f35f7cbe854078d1ac9338744f61a02 -> 
  custom:video-encoder-webm-vp8: eb34c28f22e8b96e1ab97ce403110664 -> 
  custom:video-codec-MediaFoundation-h265: 746d11721c4dcdbdad8f713fa42b33f4 -> 
  custom:CustomObjectIndexerAttribute: 9a22284fe3817be447336de3de66b15e -> 
  custom:audio-encoder-webm-vorbis: bf7c407c2cedff20999df2af8eb42d56 -> 
  custom:framework-win-MediaFoundation: 216162199b28c13a410421893ffa2e32 -> 
  custom:SearchIndexIgnoredProperties: e643bd26f0fe6173181afceb89e7c659 -> 
  custom:container-demuxer-ogg: 62fdf1f143b41e24485cea50d1cbac27 -> 
  custom:video-decoder-webm-vp8: 9c59270c3fd7afecdb556c50c9e8de78 -> 
  custom:audio-decoder-ogg-vorbis: bf7c407c2cedff20999df2af8eb42d56 -> 
  custom:AudioImporter_EditorPlatform: d09bf68614088b80899f8185d706f6e7 -> 
========================================================================
Received Prepare
Caller must complete domain reload
Begin MonoManager ReloadAssembly
- Loaded All Assemblies, in  0.303 seconds
Native extension for WindowsStandalone target not found
Native extension for WebGL target not found
Mono: successfully reloaded assembly
- Finished resetting the current domain, in  0.410 seconds
Domain Reload Profiling: 709ms
	BeginReloadAssembly (203ms)
		ExecutionOrderSort (0ms)
		DisableScriptedObjects (7ms)
		BackupInstance (0ms)
		ReleaseScriptingObjects (0ms)
		CreateAndSetChildDomain (30ms)
	RebuildCommonClasses (40ms)
	RebuildNativeTypeToScriptingClass (12ms)
	initialDomainReloadingComplete (33ms)
	LoadAllAssembliesAndSetupDomain (12ms)
		LoadAssemblies (110ms)
		RebuildTransferFunctionScriptingTraits (0ms)
		AnalyzeDomain (9ms)
			TypeCache.Refresh (7ms)
				TypeCache.ScanAssembly (0ms)
			ScanForSourceGeneratedMonoScriptInfo (1ms)
			ResolveRequiredComponents (1ms)
	FinalizeReload (410ms)
		ReleaseScriptCaches (0ms)
		RebuildScriptCaches (0ms)
		SetupLoadedEditorAssemblies (267ms)
			LogAssemblyErrors (0ms)
			InitializePlatformSupportModulesInManaged (13ms)
			SetLoadedEditorAssemblies (8ms)
			RefreshPlugins (0ms)
			BeforeProcessingInitializeOnLoad (40ms)
			ProcessInitializeOnLoadAttributes (173ms)
			ProcessInitializeOnLoadMethodAttributes (22ms)
			AfterProcessingInitializeOnLoad (11ms)
			EditorAssembliesLoaded (0ms)
		ExecutionOrderSort2 (0ms)
		AwakeInstancesAfterBackupRestoration (12ms)
Refreshing native plugins compatible for Editor in 0.00 ms, found 0 plugins.
Preloading 0 native plugins for Editor in 0.00 ms.
Unloading 4 Unused Serialized files (Serialized files now loaded: 0)
Unloading 0 unused Assets / (8.8 KB). Loaded Objects now: 490.
Memory consumption went from 53.3 MB to 53.3 MB.
Total: 2.556200 ms (FindLiveObjects: 0.040100 ms CreateObjectMapping: 0.004000 ms MarkObjects: 2.505700 ms  DeleteObjects: 0.004700 ms)

Prepare: number of updated asset objects reloaded= 0
AssetImportParameters requested are different than current active one (requested -> active):
  custom:video-decoder-ogg-theora: a1e56fd34408186e4bbccfd4996cb3dc -> 
  custom:container-muxer-webm: aa71ff27fc2769a1b78a27578f13a17b -> 
  custom:container-demuxer-webm: 4f35f7cbe854078d1ac9338744f61a02 -> 
  custom:video-encoder-webm-vp8: eb34c28f22e8b96e1ab97ce403110664 -> 
  custom:video-codec-MediaFoundation-h265: 746d11721c4dcdbdad8f713fa42b33f4 -> 
  custom:CustomObjectIndexerAttribute: 9a22284fe3817be447336de3de66b15e -> 
  custom:audio-encoder-webm-vorbis: bf7c407c2cedff20999df2af8eb42d56 -> 
  custom:framework-win-MediaFoundation: 216162199b28c13a410421893ffa2e32 -> 
  custom:SearchIndexIgnoredProperties: e643bd26f0fe6173181afceb89e7c659 -> 
  custom:container-demuxer-ogg: 62fdf1f143b41e24485cea50d1cbac27 -> 
  custom:video-decoder-webm-vp8: 9c59270c3fd7afecdb556c50c9e8de78 -> 
  custom:audio-decoder-ogg-vorbis: bf7c407c2cedff20999df2af8eb42d56 -> 
  custom:AudioImporter_EditorPlatform: d09bf68614088b80899f8185d706f6e7 -> 
========================================================================
Received Import Request.
  Time since last request: 30351.759159 seconds.
  path: Assets/Components/Builder.prefab
  artifactKey: Guid(dc233e65d39cd32479f33577d4439c00) Importer(815301076,1909f56bfc062723c751e8b465ee728b)
Start importing Assets/Components/Builder.prefab using Guid(dc233e65d39cd32479f33577d4439c00) Importer(815301076,1909f56bfc062723c751e8b465ee728b) [PhysX] Initialized MultithreadedTaskDispatcher with 20 workers.
 -> (artifact id: 'f2cbb6c7886ad5621eab2037b47e8dfe') in 0.002494 seconds
Number of updated asset objects reloaded before import = 0
Number of asset objects unloaded after import = 0
========================================================================
Received Import Request.
  Time since last request: 8.182172 seconds.
  path: Assets/Components/Builder.prefab
  artifactKey: Guid(dc233e65d39cd32479f33577d4439c00) Importer(815301076,1909f56bfc062723c751e8b465ee728b)
Start importing Assets/Components/Builder.prefab using Guid(dc233e65d39cd32479f33577d4439c00) Importer(815301076,1909f56bfc062723c751e8b465ee728b) [PhysX] Initialized MultithreadedTaskDispatcher with 20 workers.
 -> (artifact id: 'f2cbb6c7886ad5621eab2037b47e8dfe') in 0.000400 seconds
Number of updated asset objects reloaded before import = 0
Number of asset objects unloaded after import = 0
========================================================================
Received Import Request.
  Time since last request: 21.245506 seconds.
  path: Assets/Components/Builder.prefab
  artifactKey: Guid(dc233e65d39cd32479f33577d4439c00) Importer(815301076,1909f56bfc062723c751e8b465ee728b)
Start importing Assets/Components/Builder.prefab using Guid(dc233e65d39cd32479f33577d4439c00) Importer(815301076,1909f56bfc062723c751e8b465ee728b) [PhysX] Initialized MultithreadedTaskDispatcher with 20 workers.
 -> (artifact id: 'f2cbb6c7886ad5621eab2037b47e8dfe') in 0.000451 seconds
Number of updated asset objects reloaded before import = 0
Number of asset objects unloaded after import = 0
========================================================================
Received Import Request.
  Time since last request: 7.075184 seconds.
  path: Assets/Components/Builder.prefab
  artifactKey: Guid(dc233e65d39cd32479f33577d4439c00) Importer(815301076,1909f56bfc062723c751e8b465ee728b)
Start importing Assets/Components/Builder.prefab using Guid(dc233e65d39cd32479f33577d4439c00) Importer(815301076,1909f56bfc062723c751e8b465ee728b) [PhysX] Initialized MultithreadedTaskDispatcher with 20 workers.
 -> (artifact id: 'f2cbb6c7886ad5621eab2037b47e8dfe') in 0.000413 seconds
Number of updated asset objects reloaded before import = 0
Number of asset objects unloaded after import = 0
========================================================================
Received Prepare
Caller must complete domain reload
Begin MonoManager ReloadAssembly
- Loaded All Assemblies, in  0.148 seconds
Native extension for WindowsStandalone target not found
Native extension for WebGL target not found
Mono: successfully reloaded assembly
- Finished resetting the current domain, in  0.210 seconds
Domain Reload Profiling: 357ms
	BeginReloadAssembly (95ms)
		ExecutionOrderSort (0ms)
		DisableScriptedObjects (4ms)
		BackupInstance (0ms)
		ReleaseScriptingObjects (0ms)
		CreateAndSetChildDomain (12ms)
	RebuildCommonClasses (24ms)
	RebuildNativeTypeToScriptingClass (7ms)
	initialDomainReloadingComplete (17ms)
	LoadAllAssembliesAndSetupDomain (5ms)
		LoadAssemblies (59ms)
		RebuildTransferFunctionScriptingTraits (0ms)
		AnalyzeDomain (3ms)
			TypeCache.Refresh (2ms)
				TypeCache.ScanAssembly (0ms)
			ScanForSourceGeneratedMonoScriptInfo (0ms)
			ResolveRequiredComponents (0ms)
	FinalizeReload (210ms)
		ReleaseScriptCaches (0ms)
		RebuildScriptCaches (0ms)
		SetupLoadedEditorAssemblies (133ms)
			LogAssemblyErrors (0ms)
			InitializePlatformSupportModulesInManaged (5ms)
			SetLoadedEditorAssemblies (4ms)
			RefreshPlugins (0ms)
			BeforeProcessingInitializeOnLoad (19ms)
			ProcessInitializeOnLoadAttributes (91ms)
			ProcessInitializeOnLoadMethodAttributes (11ms)
			AfterProcessingInitializeOnLoad (4ms)
			EditorAssembliesLoaded (0ms)
		ExecutionOrderSort2 (0ms)
		AwakeInstancesAfterBackupRestoration (4ms)
Refreshing native plugins compatible for Editor in 0.00 ms, found 0 plugins.
Preloading 0 native plugins for Editor in 0.00 ms.
Unloading 4 Unused Serialized files (Serialized files now loaded: 0)
Unloading 0 unused Assets / (8.8 KB). Loaded Objects now: 490.
Memory consumption went from 53.3 MB to 53.3 MB.
Total: 1.601900 ms (FindLiveObjects: 0.023400 ms CreateObjectMapping: 0.002800 ms MarkObjects: 1.573400 ms  DeleteObjects: 0.001700 ms)

Prepare: number of updated asset objects reloaded= 0
AssetImportParameters requested are different than current active one (requested -> active):
  custom:video-decoder-ogg-theora: a1e56fd34408186e4bbccfd4996cb3dc -> 
  custom:container-muxer-webm: aa71ff27fc2769a1b78a27578f13a17b -> 
  custom:container-demuxer-webm: 4f35f7cbe854078d1ac9338744f61a02 -> 
  custom:video-encoder-webm-vp8: eb34c28f22e8b96e1ab97ce403110664 -> 
  custom:video-codec-MediaFoundation-h265: 746d11721c4dcdbdad8f713fa42b33f4 -> 
  custom:CustomObjectIndexerAttribute: 9a22284fe3817be447336de3de66b15e -> 
  custom:audio-encoder-webm-vorbis: bf7c407c2cedff20999df2af8eb42d56 -> 
  custom:framework-win-MediaFoundation: 216162199b28c13a410421893ffa2e32 -> 
  custom:SearchIndexIgnoredProperties: e643bd26f0fe6173181afceb89e7c659 -> 
  custom:container-demuxer-ogg: 62fdf1f143b41e24485cea50d1cbac27 -> 
  custom:video-decoder-webm-vp8: 9c59270c3fd7afecdb556c50c9e8de78 -> 
  custom:audio-decoder-ogg-vorbis: bf7c407c2cedff20999df2af8eb42d56 -> 
  custom:AudioImporter_EditorPlatform: d09bf68614088b80899f8185d706f6e7 -> 
========================================================================
Received Prepare
Caller must complete domain reload
Begin MonoManager ReloadAssembly
- Loaded All Assemblies, in  0.140 seconds
Native extension for WindowsStandalone target not found
Native extension for WebGL target not found
Mono: successfully reloaded assembly
- Finished resetting the current domain, in  0.210 seconds
Domain Reload Profiling: 349ms
	BeginReloadAssembly (91ms)
		ExecutionOrderSort (0ms)
		DisableScriptedObjects (3ms)
		BackupInstance (0ms)
		ReleaseScriptingObjects (0ms)
		CreateAndSetChildDomain (11ms)
	RebuildCommonClasses (22ms)
	RebuildNativeTypeToScriptingClass (7ms)
	initialDomainReloadingComplete (15ms)
	LoadAllAssembliesAndSetupDomain (5ms)
		LoadAssemblies (55ms)
		RebuildTransferFunctionScriptingTraits (0ms)
		AnalyzeDomain (3ms)
			TypeCache.Refresh (2ms)
				TypeCache.ScanAssembly (0ms)
			ScanForSourceGeneratedMonoScriptInfo (0ms)
			ResolveRequiredComponents (0ms)
	FinalizeReload (210ms)
		ReleaseScriptCaches (0ms)
		RebuildScriptCaches (0ms)
		SetupLoadedEditorAssemblies (136ms)
			LogAssemblyErrors (0ms)
			InitializePlatformSupportModulesInManaged (5ms)
			SetLoadedEditorAssemblies (4ms)
			RefreshPlugins (0ms)
			BeforeProcessingInitializeOnLoad (17ms)
			ProcessInitializeOnLoadAttributes (92ms)
			ProcessInitializeOnLoadMethodAttributes (13ms)
			AfterProcessingInitializeOnLoad (4ms)
			EditorAssembliesLoaded (0ms)
		ExecutionOrderSort2 (0ms)
		AwakeInstancesAfterBackupRestoration (4ms)
Refreshing native plugins compatible for Editor in 0.00 ms, found 0 plugins.
Preloading 0 native plugins for Editor in 0.00 ms.
Unloading 4 Unused Serialized files (Serialized files now loaded: 0)
Unloading 0 unused Assets / (8.8 KB). Loaded Objects now: 490.
Memory consumption went from 53.3 MB to 53.3 MB.
Total: 1.463400 ms (FindLiveObjects: 0.025300 ms CreateObjectMapping: 0.002800 ms MarkObjects: 1.432900 ms  DeleteObjects: 0.001600 ms)

Prepare: number of updated asset objects reloaded= 0
AssetImportParameters requested are different than current active one (requested -> active):
  custom:video-decoder-ogg-theora: a1e56fd34408186e4bbccfd4996cb3dc -> 
  custom:container-muxer-webm: aa71ff27fc2769a1b78a27578f13a17b -> 
  custom:container-demuxer-webm: 4f35f7cbe854078d1ac9338744f61a02 -> 
  custom:video-encoder-webm-vp8: eb34c28f22e8b96e1ab97ce403110664 -> 
  custom:video-codec-MediaFoundation-h265: 746d11721c4dcdbdad8f713fa42b33f4 -> 
  custom:CustomObjectIndexerAttribute: 9a22284fe3817be447336de3de66b15e -> 
  custom:audio-encoder-webm-vorbis: bf7c407c2cedff20999df2af8eb42d56 -> 
  custom:framework-win-MediaFoundation: 216162199b28c13a410421893ffa2e32 -> 
  custom:SearchIndexIgnoredProperties: e643bd26f0fe6173181afceb89e7c659 -> 
  custom:container-demuxer-ogg: 62fdf1f143b41e24485cea50d1cbac27 -> 
  custom:video-decoder-webm-vp8: 9c59270c3fd7afecdb556c50c9e8de78 -> 
  custom:audio-decoder-ogg-vorbis: bf7c407c2cedff20999df2af8eb42d56 -> 
  custom:AudioImporter_EditorPlatform: d09bf68614088b80899f8185d706f6e7 -> 
========================================================================
Received Import Request.
  Time since last request: 11.816923 seconds.
  path: Assets/Components/WindowMove.prefab
  artifactKey: Guid(e7011803beb0ad747adac0b5c19f3c7c) Importer(815301076,1909f56bfc062723c751e8b465ee728b)
Start importing Assets/Components/WindowMove.prefab using Guid(e7011803beb0ad747adac0b5c19f3c7c) Importer(815301076,1909f56bfc062723c751e8b465ee728b) [PhysX] Initialized MultithreadedTaskDispatcher with 20 workers.
 -> (artifact id: 'fa2f846ba4cda11c5cd4b8647766b19b') in 0.001562 seconds
Number of updated asset objects reloaded before import = 0
Number of asset objects unloaded after import = 0
========================================================================
Received Import Request.
  Time since last request: 0.000031 seconds.
  path: Assets/Components/Builder.prefab
  artifactKey: Guid(dc233e65d39cd32479f33577d4439c00) Importer(815301076,1909f56bfc062723c751e8b465ee728b)
Start importing Assets/Components/Builder.prefab using Guid(dc233e65d39cd32479f33577d4439c00) Importer(815301076,1909f56bfc062723c751e8b465ee728b) [PhysX] Initialized MultithreadedTaskDispatcher with 20 workers.
 -> (artifact id: 'f2cbb6c7886ad5621eab2037b47e8dfe') in 0.000324 seconds
Number of updated asset objects reloaded before import = 0
Number of asset objects unloaded after import = 0
========================================================================
Received Import Request.
  Time since last request: 0.000085 seconds.
  path: Assets/Components/Bandit.prefab
  artifactKey: Guid(c6ee285db8c3a424abeb378a31ab418b) Importer(815301076,1909f56bfc062723c751e8b465ee728b)
Start importing Assets/Components/Bandit.prefab using Guid(c6ee285db8c3a424abeb378a31ab418b) Importer(815301076,1909f56bfc062723c751e8b465ee728b) [PhysX] Initialized MultithreadedTaskDispatcher with 20 workers.
 -> (artifact id: '8f1d0e602fd9675babb7e99b8e648121') in 0.000271 seconds
Number of updated asset objects reloaded before import = 0
Number of asset objects unloaded after import = 0
========================================================================
Received Import Request.
  Time since last request: 13.558494 seconds.
  path: Assets/Components/Builder.prefab
  artifactKey: Guid(dc233e65d39cd32479f33577d4439c00) Importer(815301076,1909f56bfc062723c751e8b465ee728b)
Start importing Assets/Components/Builder.prefab using Guid(dc233e65d39cd32479f33577d4439c00) Importer(815301076,1909f56bfc062723c751e8b465ee728b) [PhysX] Initialized MultithreadedTaskDispatcher with 20 workers.
 -> (artifact id: 'f2cbb6c7886ad5621eab2037b47e8dfe') in 0.000448 seconds
Number of updated asset objects reloaded before import = 0
Number of asset objects unloaded after import = 0
========================================================================
Received Import Request.
  Time since last request: 0.000085 seconds.
  path: Assets/Components/WindowMove.prefab
  artifactKey: Guid(e7011803beb0ad747adac0b5c19f3c7c) Importer(815301076,1909f56bfc062723c751e8b465ee728b)
Start importing Assets/Components/WindowMove.prefab using Guid(e7011803beb0ad747adac0b5c19f3c7c) Importer(815301076,1909f56bfc062723c751e8b465ee728b) [PhysX] Initialized MultithreadedTaskDispatcher with 20 workers.
 -> (artifact id: 'fa2f846ba4cda11c5cd4b8647766b19b') in 0.000297 seconds
Number of updated asset objects reloaded before import = 0
Number of asset objects unloaded after import = 0
========================================================================
Received Import Request.
  Time since last request: 1.176172 seconds.
  path: Assets/Components/Builder.prefab
  artifactKey: Guid(dc233e65d39cd32479f33577d4439c00) Importer(815301076,1909f56bfc062723c751e8b465ee728b)
Start importing Assets/Components/Builder.prefab using Guid(dc233e65d39cd32479f33577d4439c00) Importer(815301076,1909f56bfc062723c751e8b465ee728b) [PhysX] Initialized MultithreadedTaskDispatcher with 20 workers.
 -> (artifact id: 'f2cbb6c7886ad5621eab2037b47e8dfe') in 0.000389 seconds
Number of updated asset objects reloaded before import = 0
Number of asset objects unloaded after import = 0
========================================================================
Received Prepare
Caller must complete domain reload
Begin MonoManager ReloadAssembly
- Loaded All Assemblies, in  0.148 seconds
Native extension for WindowsStandalone target not found
Native extension for WebGL target not found
Mono: successfully reloaded assembly
- Finished resetting the current domain, in  0.215 seconds
Domain Reload Profiling: 362ms
	BeginReloadAssembly (96ms)
		ExecutionOrderSort (0ms)
		DisableScriptedObjects (3ms)
		BackupInstance (0ms)
		ReleaseScriptingObjects (0ms)
		CreateAndSetChildDomain (12ms)
	RebuildCommonClasses (22ms)
	RebuildNativeTypeToScriptingClass (7ms)
	initialDomainReloadingComplete (16ms)
	LoadAllAssembliesAndSetupDomain (6ms)
		LoadAssemblies (56ms)
		RebuildTransferFunctionScriptingTraits (0ms)
		AnalyzeDomain (4ms)
			TypeCache.Refresh (3ms)
				TypeCache.ScanAssembly (0ms)
			ScanForSourceGeneratedMonoScriptInfo (0ms)
			ResolveRequiredComponents (0ms)
	FinalizeReload (215ms)
		ReleaseScriptCaches (0ms)
		RebuildScriptCaches (0ms)
		SetupLoadedEditorAssemblies (136ms)
			LogAssemblyErrors (0ms)
			InitializePlatformSupportModulesInManaged (5ms)
			SetLoadedEditorAssemblies (4ms)
			RefreshPlugins (0ms)
			BeforeProcessingInitializeOnLoad (18ms)
			ProcessInitializeOnLoadAttributes (92ms)
			ProcessInitializeOnLoadMethodAttributes (13ms)
			AfterProcessingInitializeOnLoad (4ms)
			EditorAssembliesLoaded (0ms)
		ExecutionOrderSort2 (0ms)
		AwakeInstancesAfterBackupRestoration (4ms)
Refreshing native plugins compatible for Editor in 0.00 ms, found 0 plugins.
Preloading 0 native plugins for Editor in 0.00 ms.
Unloading 4 Unused Serialized files (Serialized files now loaded: 0)
Unloading 0 unused Assets / (8.8 KB). Loaded Objects now: 490.
Memory consumption went from 53.3 MB to 53.3 MB.
Total: 1.545600 ms (FindLiveObjects: 0.025300 ms CreateObjectMapping: 0.003300 ms MarkObjects: 1.514100 ms  DeleteObjects: 0.002300 ms)

Prepare: number of updated asset objects reloaded= 0
AssetImportParameters requested are different than current active one (requested -> active):
  custom:video-decoder-ogg-theora: a1e56fd34408186e4bbccfd4996cb3dc -> 
  custom:container-muxer-webm: aa71ff27fc2769a1b78a27578f13a17b -> 
  custom:container-demuxer-webm: 4f35f7cbe854078d1ac9338744f61a02 -> 
  custom:video-encoder-webm-vp8: eb34c28f22e8b96e1ab97ce403110664 -> 
  custom:video-codec-MediaFoundation-h265: 746d11721c4dcdbdad8f713fa42b33f4 -> 
  custom:CustomObjectIndexerAttribute: 9a22284fe3817be447336de3de66b15e -> 
  custom:audio-encoder-webm-vorbis: bf7c407c2cedff20999df2af8eb42d56 -> 
  custom:framework-win-MediaFoundation: 216162199b28c13a410421893ffa2e32 -> 
  custom:SearchIndexIgnoredProperties: e643bd26f0fe6173181afceb89e7c659 -> 
  custom:container-demuxer-ogg: 62fdf1f143b41e24485cea50d1cbac27 -> 
  custom:video-decoder-webm-vp8: 9c59270c3fd7afecdb556c50c9e8de78 -> 
  custom:audio-decoder-ogg-vorbis: bf7c407c2cedff20999df2af8eb42d56 -> 
  custom:AudioImporter_EditorPlatform: d09bf68614088b80899f8185d706f6e7 -> 
========================================================================
Received Import Request.
  Time since last request: 8.188721 seconds.
  path: Assets/Components/Builder.prefab
  artifactKey: Guid(dc233e65d39cd32479f33577d4439c00) Importer(815301076,1909f56bfc062723c751e8b465ee728b)
Start importing Assets/Components/Builder.prefab using Guid(dc233e65d39cd32479f33577d4439c00) Importer(815301076,1909f56bfc062723c751e8b465ee728b) [PhysX] Initialized MultithreadedTaskDispatcher with 20 workers.
 -> (artifact id: 'f2cbb6c7886ad5621eab2037b47e8dfe') in 0.001404 seconds
Number of updated asset objects reloaded before import = 0
Number of asset objects unloaded after import = 0
========================================================================
Received Import Request.
  Time since last request: 14.296992 seconds.
  path: Assets/Components/Builder.prefab
  artifactKey: Guid(dc233e65d39cd32479f33577d4439c00) Importer(815301076,1909f56bfc062723c751e8b465ee728b)
Start importing Assets/Components/Builder.prefab using Guid(dc233e65d39cd32479f33577d4439c00) Importer(815301076,1909f56bfc062723c751e8b465ee728b) [PhysX] Initialized MultithreadedTaskDispatcher with 20 workers.
 -> (artifact id: 'f2cbb6c7886ad5621eab2037b47e8dfe') in 0.000464 seconds
Number of updated asset objects reloaded before import = 0
Number of asset objects unloaded after import = 0
========================================================================
Received Import Request.
  Time since last request: 11.613553 seconds.
  path: Assets/Components/Builder.prefab
  artifactKey: Guid(dc233e65d39cd32479f33577d4439c00) Importer(815301076,1909f56bfc062723c751e8b465ee728b)
Start importing Assets/Components/Builder.prefab using Guid(dc233e65d39cd32479f33577d4439c00) Importer(815301076,1909f56bfc062723c751e8b465ee728b) [PhysX] Initialized MultithreadedTaskDispatcher with 20 workers.
 -> (artifact id: 'f2cbb6c7886ad5621eab2037b47e8dfe') in 0.000587 seconds
Number of updated asset objects reloaded before import = 0
Number of asset objects unloaded after import = 0
========================================================================
Received Import Request.
  Time since last request: 2.206556 seconds.
  path: Assets/Components/Builder.prefab
  artifactKey: Guid(dc233e65d39cd32479f33577d4439c00) Importer(815301076,1909f56bfc062723c751e8b465ee728b)
Start importing Assets/Components/Builder.prefab using Guid(dc233e65d39cd32479f33577d4439c00) Importer(815301076,1909f56bfc062723c751e8b465ee728b) [PhysX] Initialized MultithreadedTaskDispatcher with 20 workers.
 -> (artifact id: 'f2cbb6c7886ad5621eab2037b47e8dfe') in 0.000376 seconds
Number of updated asset objects reloaded before import = 0
Number of asset objects unloaded after import = 0
========================================================================
Received Import Request.
  Time since last request: 2.811137 seconds.
  path: Assets/Components/Builder.prefab
  artifactKey: Guid(dc233e65d39cd32479f33577d4439c00) Importer(815301076,1909f56bfc062723c751e8b465ee728b)
Start importing Assets/Components/Builder.prefab using Guid(dc233e65d39cd32479f33577d4439c00) Importer(815301076,1909f56bfc062723c751e8b465ee728b) [PhysX] Initialized MultithreadedTaskDispatcher with 20 workers.
 -> (artifact id: 'f2cbb6c7886ad5621eab2037b47e8dfe') in 0.000394 seconds
Number of updated asset objects reloaded before import = 0
Number of asset objects unloaded after import = 0
========================================================================
Received Import Request.
  Time since last request: 2.407119 seconds.
  path: Assets/Components/Builder.prefab
  artifactKey: Guid(dc233e65d39cd32479f33577d4439c00) Importer(815301076,1909f56bfc062723c751e8b465ee728b)
Start importing Assets/Components/Builder.prefab using Guid(dc233e65d39cd32479f33577d4439c00) Importer(815301076,1909f56bfc062723c751e8b465ee728b) [PhysX] Initialized MultithreadedTaskDispatcher with 20 workers.
 -> (artifact id: 'f2cbb6c7886ad5621eab2037b47e8dfe') in 0.000402 seconds
Number of updated asset objects reloaded before import = 0
Number of asset objects unloaded after import = 0
========================================================================
Received Import Request.
  Time since last request: 0.000102 seconds.
  path: Assets/Components/WindowMove.prefab
  artifactKey: Guid(e7011803beb0ad747adac0b5c19f3c7c) Importer(815301076,1909f56bfc062723c751e8b465ee728b)
Start importing Assets/Components/WindowMove.prefab using Guid(e7011803beb0ad747adac0b5c19f3c7c) Importer(815301076,1909f56bfc062723c751e8b465ee728b) [PhysX] Initialized MultithreadedTaskDispatcher with 20 workers.
 -> (artifact id: 'fa2f846ba4cda11c5cd4b8647766b19b') in 0.000336 seconds
Number of updated asset objects reloaded before import = 0
Number of asset objects unloaded after import = 0
========================================================================
Received Import Request.
  Time since last request: 4.713025 seconds.
  path: Assets/Components/Builder.prefab
  artifactKey: Guid(dc233e65d39cd32479f33577d4439c00) Importer(815301076,1909f56bfc062723c751e8b465ee728b)
Start importing Assets/Components/Builder.prefab using Guid(dc233e65d39cd32479f33577d4439c00) Importer(815301076,1909f56bfc062723c751e8b465ee728b) [PhysX] Initialized MultithreadedTaskDispatcher with 20 workers.
 -> (artifact id: 'f2cbb6c7886ad5621eab2037b47e8dfe') in 0.000391 seconds
Number of updated asset objects reloaded before import = 0
Number of asset objects unloaded after import = 0
========================================================================
Received Import Request.
  Time since last request: 0.000221 seconds.
  path: Assets/Components/WindowMove.prefab
  artifactKey: Guid(e7011803beb0ad747adac0b5c19f3c7c) Importer(815301076,1909f56bfc062723c751e8b465ee728b)
Start importing Assets/Components/WindowMove.prefab using Guid(e7011803beb0ad747adac0b5c19f3c7c) Importer(815301076,1909f56bfc062723c751e8b465ee728b) [PhysX] Initialized MultithreadedTaskDispatcher with 20 workers.
 -> (artifact id: 'fa2f846ba4cda11c5cd4b8647766b19b') in 0.000329 seconds
Number of updated asset objects reloaded before import = 0
Number of asset objects unloaded after import = 0
========================================================================
Received Prepare
Caller must complete domain reload
Begin MonoManager ReloadAssembly
- Loaded All Assemblies, in  0.143 seconds
Native extension for WindowsStandalone target not found
Native extension for WebGL target not found
Mono: successfully reloaded assembly
- Finished resetting the current domain, in  0.214 seconds
Domain Reload Profiling: 357ms
	BeginReloadAssembly (93ms)
		ExecutionOrderSort (0ms)
		DisableScriptedObjects (4ms)
		BackupInstance (0ms)
		ReleaseScriptingObjects (0ms)
		CreateAndSetChildDomain (12ms)
	RebuildCommonClasses (23ms)
	RebuildNativeTypeToScriptingClass (7ms)
	initialDomainReloadingComplete (15ms)
	LoadAllAssembliesAndSetupDomain (5ms)
		LoadAssemblies (57ms)
		RebuildTransferFunctionScriptingTraits (0ms)
		AnalyzeDomain (4ms)
			TypeCache.Refresh (3ms)
				TypeCache.ScanAssembly (0ms)
			ScanForSourceGeneratedMonoScriptInfo (0ms)
			ResolveRequiredComponents (0ms)
	FinalizeReload (215ms)
		ReleaseScriptCaches (0ms)
		RebuildScriptCaches (0ms)
		SetupLoadedEditorAssemblies (140ms)
			LogAssemblyErrors (0ms)
			InitializePlatformSupportModulesInManaged (5ms)
			SetLoadedEditorAssemblies (4ms)
			RefreshPlugins (0ms)
			BeforeProcessingInitializeOnLoad (20ms)
			ProcessInitializeOnLoadAttributes (95ms)
			ProcessInitializeOnLoadMethodAttributes (13ms)
			AfterProcessingInitializeOnLoad (4ms)
			EditorAssembliesLoaded (0ms)
		ExecutionOrderSort2 (0ms)
		AwakeInstancesAfterBackupRestoration (4ms)
Refreshing native plugins compatible for Editor in 0.00 ms, found 0 plugins.
Preloading 0 native plugins for Editor in 0.00 ms.
Unloading 4 Unused Serialized files (Serialized files now loaded: 0)
Unloading 0 unused Assets / (8.8 KB). Loaded Objects now: 490.
Memory consumption went from 53.3 MB to 53.3 MB.
Total: 1.789700 ms (FindLiveObjects: 0.024400 ms CreateObjectMapping: 0.003000 ms MarkObjects: 1.759400 ms  DeleteObjects: 0.002200 ms)

Prepare: number of updated asset objects reloaded= 0
AssetImportParameters requested are different than current active one (requested -> active):
  custom:video-decoder-ogg-theora: a1e56fd34408186e4bbccfd4996cb3dc -> 
  custom:container-muxer-webm: aa71ff27fc2769a1b78a27578f13a17b -> 
  custom:container-demuxer-webm: 4f35f7cbe854078d1ac9338744f61a02 -> 
  custom:video-encoder-webm-vp8: eb34c28f22e8b96e1ab97ce403110664 -> 
  custom:video-codec-MediaFoundation-h265: 746d11721c4dcdbdad8f713fa42b33f4 -> 
  custom:CustomObjectIndexerAttribute: 9a22284fe3817be447336de3de66b15e -> 
  custom:audio-encoder-webm-vorbis: bf7c407c2cedff20999df2af8eb42d56 -> 
  custom:framework-win-MediaFoundation: 216162199b28c13a410421893ffa2e32 -> 
  custom:SearchIndexIgnoredProperties: e643bd26f0fe6173181afceb89e7c659 -> 
  custom:container-demuxer-ogg: 62fdf1f143b41e24485cea50d1cbac27 -> 
  custom:video-decoder-webm-vp8: 9c59270c3fd7afecdb556c50c9e8de78 -> 
  custom:audio-decoder-ogg-vorbis: bf7c407c2cedff20999df2af8eb42d56 -> 
  custom:AudioImporter_EditorPlatform: d09bf68614088b80899f8185d706f6e7 -> 
========================================================================
Received Import Request.
  Time since last request: 2.157600 seconds.
  path: Assets/Components/WindowMove.prefab
  artifactKey: Guid(e7011803beb0ad747adac0b5c19f3c7c) Importer(815301076,1909f56bfc062723c751e8b465ee728b)
Start importing Assets/Components/WindowMove.prefab using Guid(e7011803beb0ad747adac0b5c19f3c7c) Importer(815301076,1909f56bfc062723c751e8b465ee728b) [PhysX] Initialized MultithreadedTaskDispatcher with 20 workers.
 -> (artifact id: 'fa2f846ba4cda11c5cd4b8647766b19b') in 0.001442 seconds
Number of updated asset objects reloaded before import = 0
Number of asset objects unloaded after import = 0
========================================================================
Received Import Request.
  Time since last request: 0.000067 seconds.
  path: Assets/Components/Builder.prefab
  artifactKey: Guid(dc233e65d39cd32479f33577d4439c00) Importer(815301076,1909f56bfc062723c751e8b465ee728b)
Start importing Assets/Components/Builder.prefab using Guid(dc233e65d39cd32479f33577d4439c00) Importer(815301076,1909f56bfc062723c751e8b465ee728b) [PhysX] Initialized MultithreadedTaskDispatcher with 20 workers.
 -> (artifact id: 'f2cbb6c7886ad5621eab2037b47e8dfe') in 0.000304 seconds
Number of updated asset objects reloaded before import = 0
Number of asset objects unloaded after import = 0
========================================================================
Received Import Request.
  Time since last request: 0.000087 seconds.
  path: Assets/Components/Bandit.prefab
  artifactKey: Guid(c6ee285db8c3a424abeb378a31ab418b) Importer(815301076,1909f56bfc062723c751e8b465ee728b)
Start importing Assets/Components/Bandit.prefab using Guid(c6ee285db8c3a424abeb378a31ab418b) Importer(815301076,1909f56bfc062723c751e8b465ee728b) [PhysX] Initialized MultithreadedTaskDispatcher with 20 workers.
 -> (artifact id: '35370499f1bd81e9d7720cf45f3a2474') in 0.000300 seconds
Number of updated asset objects reloaded before import = 0
Number of asset objects unloaded after import = 0
========================================================================
Received Prepare
Caller must complete domain reload
Begin MonoManager ReloadAssembly
- Loaded All Assemblies, in  0.303 seconds
Native extension for WindowsStandalone target not found
Native extension for WebGL target not found
Mono: successfully reloaded assembly
- Finished resetting the current domain, in  0.427 seconds
Domain Reload Profiling: 727ms
	BeginReloadAssembly (201ms)
		ExecutionOrderSort (0ms)
		DisableScriptedObjects (9ms)
		BackupInstance (0ms)
		ReleaseScriptingObjects (0ms)
		CreateAndSetChildDomain (24ms)
	RebuildCommonClasses (38ms)
	RebuildNativeTypeToScriptingClass (13ms)
	initialDomainReloadingComplete (34ms)
	LoadAllAssembliesAndSetupDomain (14ms)
		LoadAssemblies (130ms)
		RebuildTransferFunctionScriptingTraits (0ms)
		AnalyzeDomain (11ms)
			TypeCache.Refresh (9ms)
				TypeCache.ScanAssembly (0ms)
			ScanForSourceGeneratedMonoScriptInfo (1ms)
			ResolveRequiredComponents (0ms)
	FinalizeReload (428ms)
		ReleaseScriptCaches (0ms)
		RebuildScriptCaches (0ms)
		SetupLoadedEditorAssemblies (276ms)
			LogAssemblyErrors (0ms)
			InitializePlatformSupportModulesInManaged (9ms)
			SetLoadedEditorAssemblies (7ms)
			RefreshPlugins (0ms)
			BeforeProcessingInitializeOnLoad (36ms)
			ProcessInitializeOnLoadAttributes (186ms)
			ProcessInitializeOnLoadMethodAttributes (27ms)
			AfterProcessingInitializeOnLoad (11ms)
			EditorAssembliesLoaded (0ms)
		ExecutionOrderSort2 (0ms)
		AwakeInstancesAfterBackupRestoration (12ms)
Refreshing native plugins compatible for Editor in 0.00 ms, found 0 plugins.
Preloading 0 native plugins for Editor in 0.00 ms.
Unloading 4 Unused Serialized files (Serialized files now loaded: 0)
Unloading 0 unused Assets / (8.8 KB). Loaded Objects now: 490.
Memory consumption went from 53.3 MB to 53.3 MB.
Total: 2.535300 ms (FindLiveObjects: 0.038600 ms CreateObjectMapping: 0.003900 ms MarkObjects: 2.487900 ms  DeleteObjects: 0.003900 ms)

Prepare: number of updated asset objects reloaded= 0
AssetImportParameters requested are different than current active one (requested -> active):
  custom:video-decoder-ogg-theora: a1e56fd34408186e4bbccfd4996cb3dc -> 
  custom:container-muxer-webm: aa71ff27fc2769a1b78a27578f13a17b -> 
  custom:container-demuxer-webm: 4f35f7cbe854078d1ac9338744f61a02 -> 
  custom:video-encoder-webm-vp8: eb34c28f22e8b96e1ab97ce403110664 -> 
  custom:video-codec-MediaFoundation-h265: 746d11721c4dcdbdad8f713fa42b33f4 -> 
  custom:CustomObjectIndexerAttribute: 9a22284fe3817be447336de3de66b15e -> 
  custom:audio-encoder-webm-vorbis: bf7c407c2cedff20999df2af8eb42d56 -> 
  custom:framework-win-MediaFoundation: 216162199b28c13a410421893ffa2e32 -> 
  custom:SearchIndexIgnoredProperties: e643bd26f0fe6173181afceb89e7c659 -> 
  custom:container-demuxer-ogg: 62fdf1f143b41e24485cea50d1cbac27 -> 
  custom:video-decoder-webm-vp8: 9c59270c3fd7afecdb556c50c9e8de78 -> 
  custom:audio-decoder-ogg-vorbis: bf7c407c2cedff20999df2af8eb42d56 -> 
  custom:AudioImporter_EditorPlatform: d09bf68614088b80899f8185d706f6e7 -> 
========================================================================
Received Import Request.
  Time since last request: 18.991828 seconds.
  path: Assets/Components/WindowMove.prefab
  artifactKey: Guid(e7011803beb0ad747adac0b5c19f3c7c) Importer(815301076,1909f56bfc062723c751e8b465ee728b)
Start importing Assets/Components/WindowMove.prefab using Guid(e7011803beb0ad747adac0b5c19f3c7c) Importer(815301076,1909f56bfc062723c751e8b465ee728b) [PhysX] Initialized MultithreadedTaskDispatcher with 20 workers.
 -> (artifact id: 'fa2f846ba4cda11c5cd4b8647766b19b') in 0.002444 seconds
Number of updated asset objects reloaded before import = 0
Number of asset objects unloaded after import = 0
========================================================================
Received Import Request.
  Time since last request: 0.000089 seconds.
  path: Assets/Components/Builder.prefab
  artifactKey: Guid(dc233e65d39cd32479f33577d4439c00) Importer(815301076,1909f56bfc062723c751e8b465ee728b)
Start importing Assets/Components/Builder.prefab using Guid(dc233e65d39cd32479f33577d4439c00) Importer(815301076,1909f56bfc062723c751e8b465ee728b) [PhysX] Initialized MultithreadedTaskDispatcher with 20 workers.
 -> (artifact id: 'f2cbb6c7886ad5621eab2037b47e8dfe') in 0.000585 seconds
Number of updated asset objects reloaded before import = 0
Number of asset objects unloaded after import = 0
========================================================================
Received Import Request.
  Time since last request: 0.000093 seconds.
  path: Assets/Components/Bandit.prefab
  artifactKey: Guid(c6ee285db8c3a424abeb378a31ab418b) Importer(815301076,1909f56bfc062723c751e8b465ee728b)
Start importing Assets/Components/Bandit.prefab using Guid(c6ee285db8c3a424abeb378a31ab418b) Importer(815301076,1909f56bfc062723c751e8b465ee728b) [PhysX] Initialized MultithreadedTaskDispatcher with 20 workers.
 -> (artifact id: '35370499f1bd81e9d7720cf45f3a2474') in 0.000477 seconds
Number of updated asset objects reloaded before import = 0
Number of asset objects unloaded after import = 0
========================================================================
Received Prepare
Caller must complete domain reload
Begin MonoManager ReloadAssembly
- Loaded All Assemblies, in  0.358 seconds
Native extension for WindowsStandalone target not found
Native extension for WebGL target not found
Mono: successfully reloaded assembly
- Finished resetting the current domain, in  0.400 seconds
Domain Reload Profiling: 753ms
	BeginReloadAssembly (256ms)
		ExecutionOrderSort (0ms)
		DisableScriptedObjects (12ms)
		BackupInstance (0ms)
		ReleaseScriptingObjects (0ms)
		CreateAndSetChildDomain (27ms)
	RebuildCommonClasses (46ms)
	RebuildNativeTypeToScriptingClass (12ms)
	initialDomainReloadingComplete (29ms)
	LoadAllAssembliesAndSetupDomain (8ms)
		LoadAssemblies (166ms)
		RebuildTransferFunctionScriptingTraits (0ms)
		AnalyzeDomain (6ms)
			TypeCache.Refresh (4ms)
				TypeCache.ScanAssembly (0ms)
			ScanForSourceGeneratedMonoScriptInfo (0ms)
			ResolveRequiredComponents (1ms)
	FinalizeReload (401ms)
		ReleaseScriptCaches (0ms)
		RebuildScriptCaches (0ms)
		SetupLoadedEditorAssemblies (253ms)
			LogAssemblyErrors (0ms)
			InitializePlatformSupportModulesInManaged (9ms)
			SetLoadedEditorAssemblies (6ms)
			RefreshPlugins (0ms)
			BeforeProcessingInitializeOnLoad (33ms)
			ProcessInitializeOnLoadAttributes (172ms)
			ProcessInitializeOnLoadMethodAttributes (23ms)
			AfterProcessingInitializeOnLoad (9ms)
			EditorAssembliesLoaded (0ms)
		ExecutionOrderSort2 (0ms)
		AwakeInstancesAfterBackupRestoration (9ms)
Refreshing native plugins compatible for Editor in 0.00 ms, found 0 plugins.
Preloading 0 native plugins for Editor in 0.00 ms.
Unloading 4 Unused Serialized files (Serialized files now loaded: 0)
Unloading 0 unused Assets / (8.8 KB). Loaded Objects now: 490.
Memory consumption went from 53.3 MB to 53.3 MB.
Total: 2.472000 ms (FindLiveObjects: 0.041900 ms CreateObjectMapping: 0.004000 ms MarkObjects: 2.422300 ms  DeleteObjects: 0.002900 ms)

Prepare: number of updated asset objects reloaded= 0
AssetImportParameters requested are different than current active one (requested -> active):
  custom:video-decoder-ogg-theora: a1e56fd34408186e4bbccfd4996cb3dc -> 
  custom:container-muxer-webm: aa71ff27fc2769a1b78a27578f13a17b -> 
  custom:container-demuxer-webm: 4f35f7cbe854078d1ac9338744f61a02 -> 
  custom:video-encoder-webm-vp8: eb34c28f22e8b96e1ab97ce403110664 -> 
  custom:video-codec-MediaFoundation-h265: 746d11721c4dcdbdad8f713fa42b33f4 -> 
  custom:CustomObjectIndexerAttribute: 9a22284fe3817be447336de3de66b15e -> 
  custom:audio-encoder-webm-vorbis: bf7c407c2cedff20999df2af8eb42d56 -> 
  custom:framework-win-MediaFoundation: 216162199b28c13a410421893ffa2e32 -> 
  custom:SearchIndexIgnoredProperties: e643bd26f0fe6173181afceb89e7c659 -> 
  custom:container-demuxer-ogg: 62fdf1f143b41e24485cea50d1cbac27 -> 
  custom:video-decoder-webm-vp8: 9c59270c3fd7afecdb556c50c9e8de78 -> 
  custom:audio-decoder-ogg-vorbis: bf7c407c2cedff20999df2af8eb42d56 -> 
  custom:AudioImporter_EditorPlatform: d09bf68614088b80899f8185d706f6e7 -> 
========================================================================
Received Prepare
Caller must complete domain reload
Begin MonoManager ReloadAssembly
- Loaded All Assemblies, in  0.144 seconds
Native extension for WindowsStandalone target not found
Native extension for WebGL target not found
Mono: successfully reloaded assembly
- Finished resetting the current domain, in  0.209 seconds
Domain Reload Profiling: 353ms
	BeginReloadAssembly (94ms)
		ExecutionOrderSort (0ms)
		DisableScriptedObjects (3ms)
		BackupInstance (0ms)
		ReleaseScriptingObjects (0ms)
		CreateAndSetChildDomain (11ms)
	RebuildCommonClasses (22ms)
	RebuildNativeTypeToScriptingClass (8ms)
	initialDomainReloadingComplete (15ms)
	LoadAllAssembliesAndSetupDomain (5ms)
		LoadAssemblies (59ms)
		RebuildTransferFunctionScriptingTraits (0ms)
		AnalyzeDomain (3ms)
			TypeCache.Refresh (2ms)
				TypeCache.ScanAssembly (0ms)
			ScanForSourceGeneratedMonoScriptInfo (0ms)
			ResolveRequiredComponents (0ms)
	FinalizeReload (210ms)
		ReleaseScriptCaches (0ms)
		RebuildScriptCaches (0ms)
		SetupLoadedEditorAssemblies (136ms)
			LogAssemblyErrors (0ms)
			InitializePlatformSupportModulesInManaged (5ms)
			SetLoadedEditorAssemblies (4ms)
			RefreshPlugins (0ms)
			BeforeProcessingInitializeOnLoad (18ms)
			ProcessInitializeOnLoadAttributes (92ms)
			ProcessInitializeOnLoadMethodAttributes (13ms)
			AfterProcessingInitializeOnLoad (4ms)
			EditorAssembliesLoaded (0ms)
		ExecutionOrderSort2 (0ms)
		AwakeInstancesAfterBackupRestoration (4ms)
Refreshing native plugins compatible for Editor in 0.00 ms, found 0 plugins.
Preloading 0 native plugins for Editor in 0.00 ms.
Unloading 4 Unused Serialized files (Serialized files now loaded: 0)
Unloading 0 unused Assets / (8.8 KB). Loaded Objects now: 490.
Memory consumption went from 53.3 MB to 53.3 MB.
Total: 1.467600 ms (FindLiveObjects: 0.024600 ms CreateObjectMapping: 0.003200 ms MarkObjects: 1.436800 ms  DeleteObjects: 0.002300 ms)

Prepare: number of updated asset objects reloaded= 0
AssetImportParameters requested are different than current active one (requested -> active):
  custom:video-decoder-ogg-theora: a1e56fd34408186e4bbccfd4996cb3dc -> 
  custom:container-muxer-webm: aa71ff27fc2769a1b78a27578f13a17b -> 
  custom:container-demuxer-webm: 4f35f7cbe854078d1ac9338744f61a02 -> 
  custom:video-encoder-webm-vp8: eb34c28f22e8b96e1ab97ce403110664 -> 
  custom:video-codec-MediaFoundation-h265: 746d11721c4dcdbdad8f713fa42b33f4 -> 
  custom:CustomObjectIndexerAttribute: 9a22284fe3817be447336de3de66b15e -> 
  custom:audio-encoder-webm-vorbis: bf7c407c2cedff20999df2af8eb42d56 -> 
  custom:framework-win-MediaFoundation: 216162199b28c13a410421893ffa2e32 -> 
  custom:SearchIndexIgnoredProperties: e643bd26f0fe6173181afceb89e7c659 -> 
  custom:container-demuxer-ogg: 62fdf1f143b41e24485cea50d1cbac27 -> 
  custom:video-decoder-webm-vp8: 9c59270c3fd7afecdb556c50c9e8de78 -> 
  custom:audio-decoder-ogg-vorbis: bf7c407c2cedff20999df2af8eb42d56 -> 
  custom:AudioImporter_EditorPlatform: d09bf68614088b80899f8185d706f6e7 -> 
========================================================================
Received Import Request.
  Time since last request: 11.780345 seconds.
  path: Assets/Components/WindowMove.prefab
  artifactKey: Guid(e7011803beb0ad747adac0b5c19f3c7c) Importer(815301076,1909f56bfc062723c751e8b465ee728b)
Start importing Assets/Components/WindowMove.prefab using Guid(e7011803beb0ad747adac0b5c19f3c7c) Importer(815301076,1909f56bfc062723c751e8b465ee728b) [PhysX] Initialized MultithreadedTaskDispatcher with 20 workers.
 -> (artifact id: 'fa2f846ba4cda11c5cd4b8647766b19b') in 0.002040 seconds
Number of updated asset objects reloaded before import = 0
Number of asset objects unloaded after import = 0
========================================================================
Received Import Request.
  Time since last request: 0.000055 seconds.
  path: Assets/Components/Builder.prefab
  artifactKey: Guid(dc233e65d39cd32479f33577d4439c00) Importer(815301076,1909f56bfc062723c751e8b465ee728b)
Start importing Assets/Components/Builder.prefab using Guid(dc233e65d39cd32479f33577d4439c00) Importer(815301076,1909f56bfc062723c751e8b465ee728b) [PhysX] Initialized MultithreadedTaskDispatcher with 20 workers.
 -> (artifact id: 'f2cbb6c7886ad5621eab2037b47e8dfe') in 0.000328 seconds
Number of updated asset objects reloaded before import = 0
Number of asset objects unloaded after import = 0
========================================================================
Received Import Request.
  Time since last request: 0.000008 seconds.
  path: Assets/Components/Bandit.prefab
  artifactKey: Guid(c6ee285db8c3a424abeb378a31ab418b) Importer(815301076,1909f56bfc062723c751e8b465ee728b)
Start importing Assets/Components/Bandit.prefab using Guid(c6ee285db8c3a424abeb378a31ab418b) Importer(815301076,1909f56bfc062723c751e8b465ee728b) [PhysX] Initialized MultithreadedTaskDispatcher with 20 workers.
 -> (artifact id: '35370499f1bd81e9d7720cf45f3a2474') in 0.000285 seconds
Number of updated asset objects reloaded before import = 0
Number of asset objects unloaded after import = 0
========================================================================
Received Import Request.
  Time since last request: 183.405255 seconds.
  path: Assets/Components/Builder.prefab
  artifactKey: Guid(dc233e65d39cd32479f33577d4439c00) Importer(815301076,1909f56bfc062723c751e8b465ee728b)
Start importing Assets/Components/Builder.prefab using Guid(dc233e65d39cd32479f33577d4439c00) Importer(815301076,1909f56bfc062723c751e8b465ee728b) [PhysX] Initialized MultithreadedTaskDispatcher with 20 workers.
 -> (artifact id: 'f2cbb6c7886ad5621eab2037b47e8dfe') in 0.001234 seconds
Number of updated asset objects reloaded before import = 0
Number of asset objects unloaded after import = 0
========================================================================
Received Import Request.
  Time since last request: 0.000239 seconds.
  path: Assets/Components/WindowMove.prefab
  artifactKey: Guid(e7011803beb0ad747adac0b5c19f3c7c) Importer(815301076,1909f56bfc062723c751e8b465ee728b)
Start importing Assets/Components/WindowMove.prefab using Guid(e7011803beb0ad747adac0b5c19f3c7c) Importer(815301076,1909f56bfc062723c751e8b465ee728b) [PhysX] Initialized MultithreadedTaskDispatcher with 20 workers.
 -> (artifact id: 'fa2f846ba4cda11c5cd4b8647766b19b') in 0.000789 seconds
Number of updated asset objects reloaded before import = 0
Number of asset objects unloaded after import = 0
========================================================================
Received Prepare
Caller must complete domain reload
Begin MonoManager ReloadAssembly
- Loaded All Assemblies, in  0.283 seconds
Native extension for WindowsStandalone target not found
Native extension for WebGL target not found
Mono: successfully reloaded assembly
- Finished resetting the current domain, in  0.421 seconds
Domain Reload Profiling: 702ms
	BeginReloadAssembly (183ms)
		ExecutionOrderSort (0ms)
		DisableScriptedObjects (6ms)
		BackupInstance (0ms)
		ReleaseScriptingObjects (0ms)
		CreateAndSetChildDomain (29ms)
	RebuildCommonClasses (43ms)
	RebuildNativeTypeToScriptingClass (12ms)
	initialDomainReloadingComplete (30ms)
	LoadAllAssembliesAndSetupDomain (12ms)
		LoadAssemblies (108ms)
		RebuildTransferFunctionScriptingTraits (0ms)
		AnalyzeDomain (9ms)
			TypeCache.Refresh (8ms)
				TypeCache.ScanAssembly (0ms)
			ScanForSourceGeneratedMonoScriptInfo (1ms)
			ResolveRequiredComponents (0ms)
	FinalizeReload (422ms)
		ReleaseScriptCaches (0ms)
		RebuildScriptCaches (0ms)
		SetupLoadedEditorAssemblies (273ms)
			LogAssemblyErrors (0ms)
			InitializePlatformSupportModulesInManaged (9ms)
			SetLoadedEditorAssemblies (7ms)
			RefreshPlugins (0ms)
			BeforeProcessingInitializeOnLoad (37ms)
			ProcessInitializeOnLoadAttributes (188ms)
			ProcessInitializeOnLoadMethodAttributes (24ms)
			AfterProcessingInitializeOnLoad (9ms)
			EditorAssembliesLoaded (0ms)
		ExecutionOrderSort2 (0ms)
		AwakeInstancesAfterBackupRestoration (9ms)
Refreshing native plugins compatible for Editor in 0.00 ms, found 0 plugins.
Preloading 0 native plugins for Editor in 0.00 ms.
Unloading 4 Unused Serialized files (Serialized files now loaded: 0)
Unloading 0 unused Assets / (8.8 KB). Loaded Objects now: 490.
Memory consumption went from 53.3 MB to 53.3 MB.
Total: 2.400200 ms (FindLiveObjects: 0.039900 ms CreateObjectMapping: 0.003900 ms MarkObjects: 2.351300 ms  DeleteObjects: 0.003900 ms)

Prepare: number of updated asset objects reloaded= 0
AssetImportParameters requested are different than current active one (requested -> active):
  custom:video-decoder-ogg-theora: a1e56fd34408186e4bbccfd4996cb3dc -> 
  custom:container-muxer-webm: aa71ff27fc2769a1b78a27578f13a17b -> 
  custom:container-demuxer-webm: 4f35f7cbe854078d1ac9338744f61a02 -> 
  custom:video-encoder-webm-vp8: eb34c28f22e8b96e1ab97ce403110664 -> 
  custom:video-codec-MediaFoundation-h265: 746d11721c4dcdbdad8f713fa42b33f4 -> 
  custom:CustomObjectIndexerAttribute: 9a22284fe3817be447336de3de66b15e -> 
  custom:audio-encoder-webm-vorbis: bf7c407c2cedff20999df2af8eb42d56 -> 
  custom:framework-win-MediaFoundation: 216162199b28c13a410421893ffa2e32 -> 
  custom:SearchIndexIgnoredProperties: e643bd26f0fe6173181afceb89e7c659 -> 
  custom:container-demuxer-ogg: 62fdf1f143b41e24485cea50d1cbac27 -> 
  custom:video-decoder-webm-vp8: 9c59270c3fd7afecdb556c50c9e8de78 -> 
  custom:audio-decoder-ogg-vorbis: bf7c407c2cedff20999df2af8eb42d56 -> 
  custom:AudioImporter_EditorPlatform: d09bf68614088b80899f8185d706f6e7 -> 
========================================================================
Received Prepare
Caller must complete domain reload
Begin MonoManager ReloadAssembly
- Loaded All Assemblies, in  0.264 seconds
Native extension for WindowsStandalone target not found
Native extension for WebGL target not found
Mono: successfully reloaded assembly
- Finished resetting the current domain, in  0.413 seconds
Domain Reload Profiling: 675ms
	BeginReloadAssembly (167ms)
		ExecutionOrderSort (0ms)
		DisableScriptedObjects (9ms)
		BackupInstance (0ms)
		ReleaseScriptingObjects (0ms)
		CreateAndSetChildDomain (22ms)
	RebuildCommonClasses (42ms)
	RebuildNativeTypeToScriptingClass (13ms)
	initialDomainReloadingComplete (29ms)
	LoadAllAssembliesAndSetupDomain (10ms)
		LoadAssemblies (106ms)
		RebuildTransferFunctionScriptingTraits (0ms)
		AnalyzeDomain (8ms)
			TypeCache.Refresh (6ms)
				TypeCache.ScanAssembly (0ms)
			ScanForSourceGeneratedMonoScriptInfo (0ms)
			ResolveRequiredComponents (0ms)
	FinalizeReload (414ms)
		ReleaseScriptCaches (0ms)
		RebuildScriptCaches (0ms)
		SetupLoadedEditorAssemblies (268ms)
			LogAssemblyErrors (0ms)
			InitializePlatformSupportModulesInManaged (9ms)
			SetLoadedEditorAssemblies (6ms)
			RefreshPlugins (0ms)
			BeforeProcessingInitializeOnLoad (35ms)
			ProcessInitializeOnLoadAttributes (182ms)
			ProcessInitializeOnLoadMethodAttributes (26ms)
			AfterProcessingInitializeOnLoad (10ms)
			EditorAssembliesLoaded (0ms)
		ExecutionOrderSort2 (0ms)
		AwakeInstancesAfterBackupRestoration (10ms)
Refreshing native plugins compatible for Editor in 0.00 ms, found 0 plugins.
Preloading 0 native plugins for Editor in 0.00 ms.
Unloading 4 Unused Serialized files (Serialized files now loaded: 0)
Unloading 0 unused Assets / (8.8 KB). Loaded Objects now: 490.
Memory consumption went from 53.3 MB to 53.3 MB.
Total: 2.318500 ms (FindLiveObjects: 0.050500 ms CreateObjectMapping: 0.004200 ms MarkObjects: 2.258600 ms  DeleteObjects: 0.003900 ms)

Prepare: number of updated asset objects reloaded= 0
AssetImportParameters requested are different than current active one (requested -> active):
  custom:video-decoder-ogg-theora: a1e56fd34408186e4bbccfd4996cb3dc -> 
  custom:container-muxer-webm: aa71ff27fc2769a1b78a27578f13a17b -> 
  custom:container-demuxer-webm: 4f35f7cbe854078d1ac9338744f61a02 -> 
  custom:video-encoder-webm-vp8: eb34c28f22e8b96e1ab97ce403110664 -> 
  custom:video-codec-MediaFoundation-h265: 746d11721c4dcdbdad8f713fa42b33f4 -> 
  custom:CustomObjectIndexerAttribute: 9a22284fe3817be447336de3de66b15e -> 
  custom:audio-encoder-webm-vorbis: bf7c407c2cedff20999df2af8eb42d56 -> 
  custom:framework-win-MediaFoundation: 216162199b28c13a410421893ffa2e32 -> 
  custom:SearchIndexIgnoredProperties: e643bd26f0fe6173181afceb89e7c659 -> 
  custom:container-demuxer-ogg: 62fdf1f143b41e24485cea50d1cbac27 -> 
  custom:video-decoder-webm-vp8: 9c59270c3fd7afecdb556c50c9e8de78 -> 
  custom:audio-decoder-ogg-vorbis: bf7c407c2cedff20999df2af8eb42d56 -> 
  custom:AudioImporter_EditorPlatform: d09bf68614088b80899f8185d706f6e7 -> 
========================================================================
Received Import Request.
  Time since last request: 242.439156 seconds.
  path: Assets/Components/WindowMove.prefab
  artifactKey: Guid(e7011803beb0ad747adac0b5c19f3c7c) Importer(815301076,1909f56bfc062723c751e8b465ee728b)
Start importing Assets/Components/WindowMove.prefab using Guid(e7011803beb0ad747adac0b5c19f3c7c) Importer(815301076,1909f56bfc062723c751e8b465ee728b) [PhysX] Initialized MultithreadedTaskDispatcher with 20 workers.
 -> (artifact id: 'fa2f846ba4cda11c5cd4b8647766b19b') in 0.002694 seconds
Number of updated asset objects reloaded before import = 0
Number of asset objects unloaded after import = 0
========================================================================
Received Import Request.
  Time since last request: 0.000067 seconds.
  path: Assets/Components/Builder.prefab
  artifactKey: Guid(dc233e65d39cd32479f33577d4439c00) Importer(815301076,1909f56bfc062723c751e8b465ee728b)
Start importing Assets/Components/Builder.prefab using Guid(dc233e65d39cd32479f33577d4439c00) Importer(815301076,1909f56bfc062723c751e8b465ee728b) [PhysX] Initialized MultithreadedTaskDispatcher with 20 workers.
 -> (artifact id: 'f2cbb6c7886ad5621eab2037b47e8dfe') in 0.000559 seconds
Number of updated asset objects reloaded before import = 0
Number of asset objects unloaded after import = 0
========================================================================
Received Import Request.
  Time since last request: 0.000067 seconds.
  path: Assets/Components/Bandit.prefab
  artifactKey: Guid(c6ee285db8c3a424abeb378a31ab418b) Importer(815301076,1909f56bfc062723c751e8b465ee728b)
Start importing Assets/Components/Bandit.prefab using Guid(c6ee285db8c3a424abeb378a31ab418b) Importer(815301076,1909f56bfc062723c751e8b465ee728b) [PhysX] Initialized MultithreadedTaskDispatcher with 20 workers.
 -> (artifact id: '35370499f1bd81e9d7720cf45f3a2474') in 0.000507 seconds
Number of updated asset objects reloaded before import = 0
Number of asset objects unloaded after import = 0
========================================================================
Received Prepare
Caller must complete domain reload
Begin MonoManager ReloadAssembly
- Loaded All Assemblies, in  0.286 seconds
Native extension for WindowsStandalone target not found
Native extension for WebGL target not found
Mono: successfully reloaded assembly
- Finished resetting the current domain, in  0.426 seconds
Domain Reload Profiling: 707ms
	BeginReloadAssembly (172ms)
		ExecutionOrderSort (0ms)
		DisableScriptedObjects (13ms)
		BackupInstance (0ms)
		ReleaseScriptingObjects (0ms)
		CreateAndSetChildDomain (23ms)
	RebuildCommonClasses (36ms)
	RebuildNativeTypeToScriptingClass (13ms)
	initialDomainReloadingComplete (46ms)
	LoadAllAssembliesAndSetupDomain (13ms)
		LoadAssemblies (98ms)
		RebuildTransferFunctionScriptingTraits (0ms)
		AnalyzeDomain (8ms)
			TypeCache.Refresh (6ms)
				TypeCache.ScanAssembly (0ms)
			ScanForSourceGeneratedMonoScriptInfo (0ms)
			ResolveRequiredComponents (1ms)
	FinalizeReload (426ms)
		ReleaseScriptCaches (0ms)
		RebuildScriptCaches (0ms)
		SetupLoadedEditorAssemblies (262ms)
			LogAssemblyErrors (0ms)
			InitializePlatformSupportModulesInManaged (10ms)
			SetLoadedEditorAssemblies (7ms)
			RefreshPlugins (0ms)
			BeforeProcessingInitializeOnLoad (35ms)
			ProcessInitializeOnLoadAttributes (176ms)
			ProcessInitializeOnLoadMethodAttributes (25ms)
			AfterProcessingInitializeOnLoad (9ms)
			EditorAssembliesLoaded (0ms)
		ExecutionOrderSort2 (0ms)
		AwakeInstancesAfterBackupRestoration (10ms)
Refreshing native plugins compatible for Editor in 0.00 ms, found 0 plugins.
Preloading 0 native plugins for Editor in 0.00 ms.
Unloading 4 Unused Serialized files (Serialized files now loaded: 0)
Unloading 0 unused Assets / (8.8 KB). Loaded Objects now: 490.
Memory consumption went from 53.3 MB to 53.3 MB.
Total: 2.231000 ms (FindLiveObjects: 0.038100 ms CreateObjectMapping: 0.003700 ms MarkObjects: 2.185500 ms  DeleteObjects: 0.003000 ms)

Prepare: number of updated asset objects reloaded= 0
AssetImportParameters requested are different than current active one (requested -> active):
  custom:video-decoder-ogg-theora: a1e56fd34408186e4bbccfd4996cb3dc -> 
  custom:container-muxer-webm: aa71ff27fc2769a1b78a27578f13a17b -> 
  custom:container-demuxer-webm: 4f35f7cbe854078d1ac9338744f61a02 -> 
  custom:video-encoder-webm-vp8: eb34c28f22e8b96e1ab97ce403110664 -> 
  custom:video-codec-MediaFoundation-h265: 746d11721c4dcdbdad8f713fa42b33f4 -> 
  custom:CustomObjectIndexerAttribute: 9a22284fe3817be447336de3de66b15e -> 
  custom:audio-encoder-webm-vorbis: bf7c407c2cedff20999df2af8eb42d56 -> 
  custom:framework-win-MediaFoundation: 216162199b28c13a410421893ffa2e32 -> 
  custom:SearchIndexIgnoredProperties: e643bd26f0fe6173181afceb89e7c659 -> 
  custom:container-demuxer-ogg: 62fdf1f143b41e24485cea50d1cbac27 -> 
  custom:video-decoder-webm-vp8: 9c59270c3fd7afecdb556c50c9e8de78 -> 
  custom:audio-decoder-ogg-vorbis: bf7c407c2cedff20999df2af8eb42d56 -> 
  custom:AudioImporter_EditorPlatform: d09bf68614088b80899f8185d706f6e7 -> 
========================================================================
Received Prepare
Caller must complete domain reload
Begin MonoManager ReloadAssembly
- Loaded All Assemblies, in  0.370 seconds
Native extension for WindowsStandalone target not found
Native extension for WebGL target not found
Mono: successfully reloaded assembly
- Finished resetting the current domain, in  0.417 seconds
Domain Reload Profiling: 783ms
	BeginReloadAssembly (217ms)
		ExecutionOrderSort (0ms)
		DisableScriptedObjects (11ms)
		BackupInstance (0ms)
		ReleaseScriptingObjects (0ms)
		CreateAndSetChildDomain (26ms)
	RebuildCommonClasses (65ms)
	RebuildNativeTypeToScriptingClass (26ms)
	initialDomainReloadingComplete (49ms)
	LoadAllAssembliesAndSetupDomain (8ms)
		LoadAssemblies (132ms)
		RebuildTransferFunctionScriptingTraits (0ms)
		AnalyzeDomain (6ms)
			TypeCache.Refresh (4ms)
				TypeCache.ScanAssembly (0ms)
			ScanForSourceGeneratedMonoScriptInfo (0ms)
			ResolveRequiredComponents (1ms)
	FinalizeReload (418ms)
		ReleaseScriptCaches (0ms)
		RebuildScriptCaches (0ms)
		SetupLoadedEditorAssemblies (267ms)
			LogAssemblyErrors (0ms)
			InitializePlatformSupportModulesInManaged (9ms)
			SetLoadedEditorAssemblies (7ms)
			RefreshPlugins (0ms)
			BeforeProcessingInitializeOnLoad (33ms)
			ProcessInitializeOnLoadAttributes (181ms)
			ProcessInitializeOnLoadMethodAttributes (27ms)
			AfterProcessingInitializeOnLoad (11ms)
			EditorAssembliesLoaded (0ms)
		ExecutionOrderSort2 (0ms)
		AwakeInstancesAfterBackupRestoration (9ms)
Refreshing native plugins compatible for Editor in 0.00 ms, found 0 plugins.
Preloading 0 native plugins for Editor in 0.00 ms.
Unloading 4 Unused Serialized files (Serialized files now loaded: 0)
Unloading 0 unused Assets / (8.8 KB). Loaded Objects now: 490.
Memory consumption went from 53.3 MB to 53.3 MB.
Total: 2.373800 ms (FindLiveObjects: 0.038700 ms CreateObjectMapping: 0.004100 ms MarkObjects: 2.326400 ms  DeleteObjects: 0.003800 ms)

Prepare: number of updated asset objects reloaded= 0
AssetImportParameters requested are different than current active one (requested -> active):
  custom:video-decoder-ogg-theora: a1e56fd34408186e4bbccfd4996cb3dc -> 
  custom:container-muxer-webm: aa71ff27fc2769a1b78a27578f13a17b -> 
  custom:container-demuxer-webm: 4f35f7cbe854078d1ac9338744f61a02 -> 
  custom:video-encoder-webm-vp8: eb34c28f22e8b96e1ab97ce403110664 -> 
  custom:video-codec-MediaFoundation-h265: 746d11721c4dcdbdad8f713fa42b33f4 -> 
  custom:CustomObjectIndexerAttribute: 9a22284fe3817be447336de3de66b15e -> 
  custom:audio-encoder-webm-vorbis: bf7c407c2cedff20999df2af8eb42d56 -> 
  custom:framework-win-MediaFoundation: 216162199b28c13a410421893ffa2e32 -> 
  custom:SearchIndexIgnoredProperties: e643bd26f0fe6173181afceb89e7c659 -> 
  custom:container-demuxer-ogg: 62fdf1f143b41e24485cea50d1cbac27 -> 
  custom:video-decoder-webm-vp8: 9c59270c3fd7afecdb556c50c9e8de78 -> 
  custom:audio-decoder-ogg-vorbis: bf7c407c2cedff20999df2af8eb42d56 -> 
  custom:AudioImporter_EditorPlatform: d09bf68614088b80899f8185d706f6e7 -> 
========================================================================
Received Import Request.
  Time since last request: 431.139109 seconds.
  path: Assets/Components/Builder.prefab
  artifactKey: Guid(dc233e65d39cd32479f33577d4439c00) Importer(815301076,1909f56bfc062723c751e8b465ee728b)
Start importing Assets/Components/Builder.prefab using Guid(dc233e65d39cd32479f33577d4439c00) Importer(815301076,1909f56bfc062723c751e8b465ee728b) [PhysX] Initialized MultithreadedTaskDispatcher with 20 workers.
 -> (artifact id: 'f2cbb6c7886ad5621eab2037b47e8dfe') in 0.002627 seconds
Number of updated asset objects reloaded before import = 0
Number of asset objects unloaded after import = 0
========================================================================
Received Prepare
Caller must complete domain reload
Begin MonoManager ReloadAssembly
- Loaded All Assemblies, in  0.149 seconds
Native extension for WindowsStandalone target not found
Native extension for WebGL target not found
Mono: successfully reloaded assembly
- Finished resetting the current domain, in  0.212 seconds
Domain Reload Profiling: 360ms
	BeginReloadAssembly (98ms)
		ExecutionOrderSort (0ms)
		DisableScriptedObjects (3ms)
		BackupInstance (0ms)
		ReleaseScriptingObjects (0ms)
		CreateAndSetChildDomain (13ms)
	RebuildCommonClasses (21ms)
	RebuildNativeTypeToScriptingClass (7ms)
	initialDomainReloadingComplete (16ms)
	LoadAllAssembliesAndSetupDomain (5ms)
		LoadAssemblies (60ms)
		RebuildTransferFunctionScriptingTraits (0ms)
		AnalyzeDomain (4ms)
			TypeCache.Refresh (3ms)
				TypeCache.ScanAssembly (0ms)
			ScanForSourceGeneratedMonoScriptInfo (0ms)
			ResolveRequiredComponents (0ms)
	FinalizeReload (212ms)
		ReleaseScriptCaches (0ms)
		RebuildScriptCaches (0ms)
		SetupLoadedEditorAssemblies (137ms)
			LogAssemblyErrors (0ms)
			InitializePlatformSupportModulesInManaged (5ms)
			SetLoadedEditorAssemblies (4ms)
			RefreshPlugins (0ms)
			BeforeProcessingInitializeOnLoad (19ms)
			ProcessInitializeOnLoadAttributes (93ms)
			ProcessInitializeOnLoadMethodAttributes (13ms)
			AfterProcessingInitializeOnLoad (4ms)
			EditorAssembliesLoaded (0ms)
		ExecutionOrderSort2 (0ms)
		AwakeInstancesAfterBackupRestoration (4ms)
Refreshing native plugins compatible for Editor in 0.00 ms, found 0 plugins.
Preloading 0 native plugins for Editor in 0.00 ms.
Unloading 4 Unused Serialized files (Serialized files now loaded: 0)
Unloading 0 unused Assets / (8.8 KB). Loaded Objects now: 490.
Memory consumption went from 53.3 MB to 53.3 MB.
Total: 1.681300 ms (FindLiveObjects: 0.029400 ms CreateObjectMapping: 0.002900 ms MarkObjects: 1.644200 ms  DeleteObjects: 0.003200 ms)

Prepare: number of updated asset objects reloaded= 0
AssetImportParameters requested are different than current active one (requested -> active):
  custom:video-decoder-ogg-theora: a1e56fd34408186e4bbccfd4996cb3dc -> 
  custom:container-muxer-webm: aa71ff27fc2769a1b78a27578f13a17b -> 
  custom:container-demuxer-webm: 4f35f7cbe854078d1ac9338744f61a02 -> 
  custom:video-encoder-webm-vp8: eb34c28f22e8b96e1ab97ce403110664 -> 
  custom:video-codec-MediaFoundation-h265: 746d11721c4dcdbdad8f713fa42b33f4 -> 
  custom:CustomObjectIndexerAttribute: 9a22284fe3817be447336de3de66b15e -> 
  custom:audio-encoder-webm-vorbis: bf7c407c2cedff20999df2af8eb42d56 -> 
  custom:framework-win-MediaFoundation: 216162199b28c13a410421893ffa2e32 -> 
  custom:SearchIndexIgnoredProperties: e643bd26f0fe6173181afceb89e7c659 -> 
  custom:container-demuxer-ogg: 62fdf1f143b41e24485cea50d1cbac27 -> 
  custom:video-decoder-webm-vp8: 9c59270c3fd7afecdb556c50c9e8de78 -> 
  custom:audio-decoder-ogg-vorbis: bf7c407c2cedff20999df2af8eb42d56 -> 
  custom:AudioImporter_EditorPlatform: d09bf68614088b80899f8185d706f6e7 -> 
========================================================================
Received Import Request.
  Time since last request: 195.348730 seconds.
  path: Assets/Components/WindowMove.prefab
  artifactKey: Guid(e7011803beb0ad747adac0b5c19f3c7c) Importer(815301076,1909f56bfc062723c751e8b465ee728b)
Start importing Assets/Components/WindowMove.prefab using Guid(e7011803beb0ad747adac0b5c19f3c7c) Importer(815301076,1909f56bfc062723c751e8b465ee728b) [PhysX] Initialized MultithreadedTaskDispatcher with 20 workers.
 -> (artifact id: 'fa2f846ba4cda11c5cd4b8647766b19b') in 0.001616 seconds
Number of updated asset objects reloaded before import = 0
Number of asset objects unloaded after import = 0
========================================================================
Received Prepare
Caller must complete domain reload
Begin MonoManager ReloadAssembly
- Loaded All Assemblies, in  0.149 seconds
Native extension for WindowsStandalone target not found
Native extension for WebGL target not found
Mono: successfully reloaded assembly
- Finished resetting the current domain, in  0.207 seconds
Domain Reload Profiling: 355ms
	BeginReloadAssembly (100ms)
		ExecutionOrderSort (0ms)
		DisableScriptedObjects (3ms)
		BackupInstance (0ms)
		ReleaseScriptingObjects (0ms)
		CreateAndSetChildDomain (11ms)
	RebuildCommonClasses (22ms)
	RebuildNativeTypeToScriptingClass (7ms)
	initialDomainReloadingComplete (15ms)
	LoadAllAssembliesAndSetupDomain (5ms)
		LoadAssemblies (65ms)
		RebuildTransferFunctionScriptingTraits (0ms)
		AnalyzeDomain (3ms)
			TypeCache.Refresh (2ms)
				TypeCache.ScanAssembly (0ms)
			ScanForSourceGeneratedMonoScriptInfo (0ms)
			ResolveRequiredComponents (0ms)
	FinalizeReload (207ms)
		ReleaseScriptCaches (0ms)
		RebuildScriptCaches (0ms)
		SetupLoadedEditorAssemblies (134ms)
			LogAssemblyErrors (0ms)
			InitializePlatformSupportModulesInManaged (6ms)
			SetLoadedEditorAssemblies (4ms)
			RefreshPlugins (0ms)
			BeforeProcessingInitializeOnLoad (18ms)
			ProcessInitializeOnLoadAttributes (90ms)
			ProcessInitializeOnLoadMethodAttributes (12ms)
			AfterProcessingInitializeOnLoad (4ms)
			EditorAssembliesLoaded (0ms)
		ExecutionOrderSort2 (0ms)
		AwakeInstancesAfterBackupRestoration (5ms)
Refreshing native plugins compatible for Editor in 0.00 ms, found 0 plugins.
Preloading 0 native plugins for Editor in 0.00 ms.
Unloading 4 Unused Serialized files (Serialized files now loaded: 0)
Unloading 0 unused Assets / (8.8 KB). Loaded Objects now: 490.
Memory consumption went from 53.3 MB to 53.3 MB.
Total: 1.463900 ms (FindLiveObjects: 0.022600 ms CreateObjectMapping: 0.002700 ms MarkObjects: 1.436300 ms  DeleteObjects: 0.001600 ms)

Prepare: number of updated asset objects reloaded= 0
AssetImportParameters requested are different than current active one (requested -> active):
  custom:video-decoder-ogg-theora: a1e56fd34408186e4bbccfd4996cb3dc -> 
  custom:container-muxer-webm: aa71ff27fc2769a1b78a27578f13a17b -> 
  custom:container-demuxer-webm: 4f35f7cbe854078d1ac9338744f61a02 -> 
  custom:video-encoder-webm-vp8: eb34c28f22e8b96e1ab97ce403110664 -> 
  custom:video-codec-MediaFoundation-h265: 746d11721c4dcdbdad8f713fa42b33f4 -> 
  custom:CustomObjectIndexerAttribute: 9a22284fe3817be447336de3de66b15e -> 
  custom:audio-encoder-webm-vorbis: bf7c407c2cedff20999df2af8eb42d56 -> 
  custom:framework-win-MediaFoundation: 216162199b28c13a410421893ffa2e32 -> 
  custom:SearchIndexIgnoredProperties: e643bd26f0fe6173181afceb89e7c659 -> 
  custom:container-demuxer-ogg: 62fdf1f143b41e24485cea50d1cbac27 -> 
  custom:video-decoder-webm-vp8: 9c59270c3fd7afecdb556c50c9e8de78 -> 
  custom:audio-decoder-ogg-vorbis: bf7c407c2cedff20999df2af8eb42d56 -> 
  custom:AudioImporter_EditorPlatform: d09bf68614088b80899f8185d706f6e7 -> 
========================================================================
Received Import Request.
  Time since last request: 7.638390 seconds.
  path: Assets/Components/WindowMove.prefab
  artifactKey: Guid(e7011803beb0ad747adac0b5c19f3c7c) Importer(815301076,1909f56bfc062723c751e8b465ee728b)
Start importing Assets/Components/WindowMove.prefab using Guid(e7011803beb0ad747adac0b5c19f3c7c) Importer(815301076,1909f56bfc062723c751e8b465ee728b) [PhysX] Initialized MultithreadedTaskDispatcher with 20 workers.
 -> (artifact id: 'fa2f846ba4cda11c5cd4b8647766b19b') in 0.001495 seconds
Number of updated asset objects reloaded before import = 0
Number of asset objects unloaded after import = 0
========================================================================
Received Prepare
Caller must complete domain reload
Begin MonoManager ReloadAssembly
- Loaded All Assemblies, in  0.140 seconds
Native extension for WindowsStandalone target not found
Native extension for WebGL target not found
Mono: successfully reloaded assembly
- Finished resetting the current domain, in  0.205 seconds
Domain Reload Profiling: 343ms
	BeginReloadAssembly (89ms)
		ExecutionOrderSort (0ms)
		DisableScriptedObjects (3ms)
		BackupInstance (0ms)
		ReleaseScriptingObjects (0ms)
		CreateAndSetChildDomain (11ms)
	RebuildCommonClasses (21ms)
	RebuildNativeTypeToScriptingClass (7ms)
	initialDomainReloadingComplete (16ms)
	LoadAllAssembliesAndSetupDomain (5ms)
		LoadAssemblies (54ms)
		RebuildTransferFunctionScriptingTraits (0ms)
		AnalyzeDomain (4ms)
			TypeCache.Refresh (3ms)
				TypeCache.ScanAssembly (0ms)
			ScanForSourceGeneratedMonoScriptInfo (0ms)
			ResolveRequiredComponents (0ms)
	FinalizeReload (205ms)
		ReleaseScriptCaches (0ms)
		RebuildScriptCaches (0ms)
		SetupLoadedEditorAssemblies (131ms)
			LogAssemblyErrors (0ms)
			InitializePlatformSupportModulesInManaged (5ms)
			SetLoadedEditorAssemblies (4ms)
			RefreshPlugins (0ms)
			BeforeProcessingInitializeOnLoad (18ms)
			ProcessInitializeOnLoadAttributes (88ms)
			ProcessInitializeOnLoadMethodAttributes (12ms)
			AfterProcessingInitializeOnLoad (5ms)
			EditorAssembliesLoaded (0ms)
		ExecutionOrderSort2 (0ms)
		AwakeInstancesAfterBackupRestoration (5ms)
Refreshing native plugins compatible for Editor in 0.00 ms, found 0 plugins.
Preloading 0 native plugins for Editor in 0.00 ms.
Unloading 4 Unused Serialized files (Serialized files now loaded: 0)
Unloading 0 unused Assets / (8.8 KB). Loaded Objects now: 490.
Memory consumption went from 53.3 MB to 53.3 MB.
Total: 1.599000 ms (FindLiveObjects: 0.026800 ms CreateObjectMapping: 0.002900 ms MarkObjects: 1.567000 ms  DeleteObjects: 0.001700 ms)

Prepare: number of updated asset objects reloaded= 0
AssetImportParameters requested are different than current active one (requested -> active):
  custom:video-decoder-ogg-theora: a1e56fd34408186e4bbccfd4996cb3dc -> 
  custom:container-muxer-webm: aa71ff27fc2769a1b78a27578f13a17b -> 
  custom:container-demuxer-webm: 4f35f7cbe854078d1ac9338744f61a02 -> 
  custom:video-encoder-webm-vp8: eb34c28f22e8b96e1ab97ce403110664 -> 
  custom:video-codec-MediaFoundation-h265: 746d11721c4dcdbdad8f713fa42b33f4 -> 
  custom:CustomObjectIndexerAttribute: 9a22284fe3817be447336de3de66b15e -> 
  custom:audio-encoder-webm-vorbis: bf7c407c2cedff20999df2af8eb42d56 -> 
  custom:framework-win-MediaFoundation: 216162199b28c13a410421893ffa2e32 -> 
  custom:SearchIndexIgnoredProperties: e643bd26f0fe6173181afceb89e7c659 -> 
  custom:container-demuxer-ogg: 62fdf1f143b41e24485cea50d1cbac27 -> 
  custom:video-decoder-webm-vp8: 9c59270c3fd7afecdb556c50c9e8de78 -> 
  custom:audio-decoder-ogg-vorbis: bf7c407c2cedff20999df2af8eb42d56 -> 
  custom:AudioImporter_EditorPlatform: d09bf68614088b80899f8185d706f6e7 -> 
========================================================================
Received Import Request.
  Time since last request: 12.196828 seconds.
  path: Assets/Components/WindowMove.prefab
  artifactKey: Guid(e7011803beb0ad747adac0b5c19f3c7c) Importer(815301076,1909f56bfc062723c751e8b465ee728b)
Start importing Assets/Components/WindowMove.prefab using Guid(e7011803beb0ad747adac0b5c19f3c7c) Importer(815301076,1909f56bfc062723c751e8b465ee728b) [PhysX] Initialized MultithreadedTaskDispatcher with 20 workers.
 -> (artifact id: 'fa2f846ba4cda11c5cd4b8647766b19b') in 0.001535 seconds
Number of updated asset objects reloaded before import = 0
Number of asset objects unloaded after import = 0
========================================================================
Received Import Request.
  Time since last request: 28.104372 seconds.
  path: Assets/Components/Builder.prefab
  artifactKey: Guid(dc233e65d39cd32479f33577d4439c00) Importer(815301076,1909f56bfc062723c751e8b465ee728b)
Start importing Assets/Components/Builder.prefab using Guid(dc233e65d39cd32479f33577d4439c00) Importer(815301076,1909f56bfc062723c751e8b465ee728b) [PhysX] Initialized MultithreadedTaskDispatcher with 20 workers.
 -> (artifact id: 'f2cbb6c7886ad5621eab2037b47e8dfe') in 0.000418 seconds
Number of updated asset objects reloaded before import = 0
Number of asset objects unloaded after import = 0
========================================================================
Received Import Request.
  Time since last request: 57.747321 seconds.
  path: Assets/Components/Builder.prefab
  artifactKey: Guid(dc233e65d39cd32479f33577d4439c00) Importer(815301076,1909f56bfc062723c751e8b465ee728b)
Start importing Assets/Components/Builder.prefab using Guid(dc233e65d39cd32479f33577d4439c00) Importer(815301076,1909f56bfc062723c751e8b465ee728b) [PhysX] Initialized MultithreadedTaskDispatcher with 20 workers.
 -> (artifact id: 'f2cbb6c7886ad5621eab2037b47e8dfe') in 0.000600 seconds
Number of updated asset objects reloaded before import = 0
Number of asset objects unloaded after import = 0
========================================================================
Received Import Request.
  Time since last request: 11.413327 seconds.
  path: Assets/Components/Builder.prefab
  artifactKey: Guid(dc233e65d39cd32479f33577d4439c00) Importer(815301076,1909f56bfc062723c751e8b465ee728b)
Start importing Assets/Components/Builder.prefab using Guid(dc233e65d39cd32479f33577d4439c00) Importer(815301076,1909f56bfc062723c751e8b465ee728b) [PhysX] Initialized MultithreadedTaskDispatcher with 20 workers.
 -> (artifact id: 'f2cbb6c7886ad5621eab2037b47e8dfe') in 0.000451 seconds
Number of updated asset objects reloaded before import = 0
Number of asset objects unloaded after import = 0
========================================================================
Received Import Request.
  Time since last request: 44.917392 seconds.
  path: Assets/Components/Builder.prefab
  artifactKey: Guid(dc233e65d39cd32479f33577d4439c00) Importer(815301076,1909f56bfc062723c751e8b465ee728b)
Start importing Assets/Components/Builder.prefab using Guid(dc233e65d39cd32479f33577d4439c00) Importer(815301076,1909f56bfc062723c751e8b465ee728b) [PhysX] Initialized MultithreadedTaskDispatcher with 20 workers.
 -> (artifact id: 'f2cbb6c7886ad5621eab2037b47e8dfe') in 0.000397 seconds
Number of updated asset objects reloaded before import = 0
Number of asset objects unloaded after import = 0
========================================================================
Received Prepare
Caller must complete domain reload
Begin MonoManager ReloadAssembly
- Loaded All Assemblies, in  0.252 seconds
Native extension for WindowsStandalone target not found
Native extension for WebGL target not found
Mono: successfully reloaded assembly
- Finished resetting the current domain, in  0.423 seconds
Domain Reload Profiling: 673ms
	BeginReloadAssembly (157ms)
		ExecutionOrderSort (0ms)
		DisableScriptedObjects (6ms)
		BackupInstance (0ms)
		ReleaseScriptingObjects (0ms)
		CreateAndSetChildDomain (21ms)
	RebuildCommonClasses (39ms)
	RebuildNativeTypeToScriptingClass (16ms)
	initialDomainReloadingComplete (28ms)
	LoadAllAssembliesAndSetupDomain (10ms)
		LoadAssemblies (100ms)
		RebuildTransferFunctionScriptingTraits (0ms)
		AnalyzeDomain (8ms)
			TypeCache.Refresh (6ms)
				TypeCache.ScanAssembly (0ms)
			ScanForSourceGeneratedMonoScriptInfo (1ms)
			ResolveRequiredComponents (0ms)
	FinalizeReload (424ms)
		ReleaseScriptCaches (0ms)
		RebuildScriptCaches (0ms)
		SetupLoadedEditorAssemblies (272ms)
			LogAssemblyErrors (0ms)
			InitializePlatformSupportModulesInManaged (9ms)
			SetLoadedEditorAssemblies (6ms)
			RefreshPlugins (0ms)
			BeforeProcessingInitializeOnLoad (39ms)
			ProcessInitializeOnLoadAttributes (183ms)
			ProcessInitializeOnLoadMethodAttributes (25ms)
			AfterProcessingInitializeOnLoad (10ms)
			EditorAssembliesLoaded (0ms)
		ExecutionOrderSort2 (0ms)
		AwakeInstancesAfterBackupRestoration (11ms)
Refreshing native plugins compatible for Editor in 0.00 ms, found 0 plugins.
Preloading 0 native plugins for Editor in 0.00 ms.
Unloading 4 Unused Serialized files (Serialized files now loaded: 0)
Unloading 0 unused Assets / (8.8 KB). Loaded Objects now: 490.
Memory consumption went from 53.3 MB to 53.3 MB.
Total: 2.407000 ms (FindLiveObjects: 0.039800 ms CreateObjectMapping: 0.003700 ms MarkObjects: 2.358700 ms  DeleteObjects: 0.003900 ms)

Prepare: number of updated asset objects reloaded= 0
AssetImportParameters requested are different than current active one (requested -> active):
  custom:video-decoder-ogg-theora: a1e56fd34408186e4bbccfd4996cb3dc -> 
  custom:container-muxer-webm: aa71ff27fc2769a1b78a27578f13a17b -> 
  custom:container-demuxer-webm: 4f35f7cbe854078d1ac9338744f61a02 -> 
  custom:video-encoder-webm-vp8: eb34c28f22e8b96e1ab97ce403110664 -> 
  custom:video-codec-MediaFoundation-h265: 746d11721c4dcdbdad8f713fa42b33f4 -> 
  custom:CustomObjectIndexerAttribute: 9a22284fe3817be447336de3de66b15e -> 
  custom:audio-encoder-webm-vorbis: bf7c407c2cedff20999df2af8eb42d56 -> 
  custom:framework-win-MediaFoundation: 216162199b28c13a410421893ffa2e32 -> 
  custom:SearchIndexIgnoredProperties: e643bd26f0fe6173181afceb89e7c659 -> 
  custom:container-demuxer-ogg: 62fdf1f143b41e24485cea50d1cbac27 -> 
  custom:video-decoder-webm-vp8: 9c59270c3fd7afecdb556c50c9e8de78 -> 
  custom:audio-decoder-ogg-vorbis: bf7c407c2cedff20999df2af8eb42d56 -> 
  custom:AudioImporter_EditorPlatform: d09bf68614088b80899f8185d706f6e7 -> 
========================================================================
Received Import Request.
  Time since last request: 64.504313 seconds.
  path: Assets/Components/WindowMove.prefab
  artifactKey: Guid(e7011803beb0ad747adac0b5c19f3c7c) Importer(815301076,1909f56bfc062723c751e8b465ee728b)
Start importing Assets/Components/WindowMove.prefab using Guid(e7011803beb0ad747adac0b5c19f3c7c) Importer(815301076,1909f56bfc062723c751e8b465ee728b) [PhysX] Initialized MultithreadedTaskDispatcher with 20 workers.
 -> (artifact id: 'fa2f846ba4cda11c5cd4b8647766b19b') in 0.002409 seconds
Number of updated asset objects reloaded before import = 0
Number of asset objects unloaded after import = 0
========================================================================
Received Import Request.
  Time since last request: 0.000085 seconds.
  path: Assets/Components/Builder.prefab
  artifactKey: Guid(dc233e65d39cd32479f33577d4439c00) Importer(815301076,1909f56bfc062723c751e8b465ee728b)
Start importing Assets/Components/Builder.prefab using Guid(dc233e65d39cd32479f33577d4439c00) Importer(815301076,1909f56bfc062723c751e8b465ee728b) [PhysX] Initialized MultithreadedTaskDispatcher with 20 workers.
 -> (artifact id: 'f2cbb6c7886ad5621eab2037b47e8dfe') in 0.000570 seconds
Number of updated asset objects reloaded before import = 0
Number of asset objects unloaded after import = 0
========================================================================
Received Import Request.
  Time since last request: 0.000130 seconds.
  path: Assets/Components/Bandit.prefab
  artifactKey: Guid(c6ee285db8c3a424abeb378a31ab418b) Importer(815301076,1909f56bfc062723c751e8b465ee728b)
Start importing Assets/Components/Bandit.prefab using Guid(c6ee285db8c3a424abeb378a31ab418b) Importer(815301076,1909f56bfc062723c751e8b465ee728b) [PhysX] Initialized MultithreadedTaskDispatcher with 20 workers.
 -> (artifact id: '35370499f1bd81e9d7720cf45f3a2474') in 0.000498 seconds
Number of updated asset objects reloaded before import = 0
Number of asset objects unloaded after import = 0
========================================================================
Received Import Request.
  Time since last request: 68.412390 seconds.
  path: Assets/Components/Builder.prefab
  artifactKey: Guid(dc233e65d39cd32479f33577d4439c00) Importer(815301076,1909f56bfc062723c751e8b465ee728b)
Start importing Assets/Components/Builder.prefab using Guid(dc233e65d39cd32479f33577d4439c00) Importer(815301076,1909f56bfc062723c751e8b465ee728b) [PhysX] Initialized MultithreadedTaskDispatcher with 20 workers.
 -> (artifact id: 'f2cbb6c7886ad5621eab2037b47e8dfe') in 0.000483 seconds
Number of updated asset objects reloaded before import = 0
Number of asset objects unloaded after import = 0
========================================================================
Received Import Request.
  Time since last request: 0.000142 seconds.
  path: Assets/Components/WindowMove.prefab
  artifactKey: Guid(e7011803beb0ad747adac0b5c19f3c7c) Importer(815301076,1909f56bfc062723c751e8b465ee728b)
Start importing Assets/Components/WindowMove.prefab using Guid(e7011803beb0ad747adac0b5c19f3c7c) Importer(815301076,1909f56bfc062723c751e8b465ee728b) [PhysX] Initialized MultithreadedTaskDispatcher with 20 workers.
 -> (artifact id: 'fa2f846ba4cda11c5cd4b8647766b19b') in 0.000373 seconds
Number of updated asset objects reloaded before import = 0
Number of asset objects unloaded after import = 0
========================================================================
Received Prepare
Caller must complete domain reload
Begin MonoManager ReloadAssembly
- Loaded All Assemblies, in  0.384 seconds
Native extension for WindowsStandalone target not found
Native extension for WebGL target not found
Mono: successfully reloaded assembly
- Finished resetting the current domain, in  0.419 seconds
Domain Reload Profiling: 801ms
	BeginReloadAssembly (275ms)
		ExecutionOrderSort (0ms)
		DisableScriptedObjects (22ms)
		BackupInstance (0ms)
		ReleaseScriptingObjects (0ms)
		CreateAndSetChildDomain (48ms)
	RebuildCommonClasses (40ms)
	RebuildNativeTypeToScriptingClass (12ms)
	initialDomainReloadingComplete (41ms)
	LoadAllAssembliesAndSetupDomain (14ms)
		LoadAssemblies (150ms)
		RebuildTransferFunctionScriptingTraits (0ms)
		AnalyzeDomain (10ms)
			TypeCache.Refresh (8ms)
				TypeCache.ScanAssembly (0ms)
			ScanForSourceGeneratedMonoScriptInfo (1ms)
			ResolveRequiredComponents (1ms)
	FinalizeReload (420ms)
		ReleaseScriptCaches (0ms)
		RebuildScriptCaches (0ms)
		SetupLoadedEditorAssemblies (267ms)
			LogAssemblyErrors (0ms)
			InitializePlatformSupportModulesInManaged (10ms)
			SetLoadedEditorAssemblies (8ms)
			RefreshPlugins (0ms)
			BeforeProcessingInitializeOnLoad (37ms)
			ProcessInitializeOnLoadAttributes (181ms)
			ProcessInitializeOnLoadMethodAttributes (23ms)
			AfterProcessingInitializeOnLoad (9ms)
			EditorAssembliesLoaded (0ms)
		ExecutionOrderSort2 (0ms)
		AwakeInstancesAfterBackupRestoration (9ms)
Refreshing native plugins compatible for Editor in 0.00 ms, found 0 plugins.
Preloading 0 native plugins for Editor in 0.00 ms.
Unloading 4 Unused Serialized files (Serialized files now loaded: 0)
Unloading 0 unused Assets / (8.8 KB). Loaded Objects now: 490.
Memory consumption went from 53.3 MB to 53.3 MB.
Total: 3.089300 ms (FindLiveObjects: 0.038100 ms CreateObjectMapping: 0.003600 ms MarkObjects: 3.042800 ms  DeleteObjects: 0.003600 ms)

Prepare: number of updated asset objects reloaded= 0
AssetImportParameters requested are different than current active one (requested -> active):
  custom:video-decoder-ogg-theora: a1e56fd34408186e4bbccfd4996cb3dc -> 
  custom:container-muxer-webm: aa71ff27fc2769a1b78a27578f13a17b -> 
  custom:container-demuxer-webm: 4f35f7cbe854078d1ac9338744f61a02 -> 
  custom:video-encoder-webm-vp8: eb34c28f22e8b96e1ab97ce403110664 -> 
  custom:video-codec-MediaFoundation-h265: 746d11721c4dcdbdad8f713fa42b33f4 -> 
  custom:CustomObjectIndexerAttribute: 9a22284fe3817be447336de3de66b15e -> 
  custom:audio-encoder-webm-vorbis: bf7c407c2cedff20999df2af8eb42d56 -> 
  custom:framework-win-MediaFoundation: 216162199b28c13a410421893ffa2e32 -> 
  custom:SearchIndexIgnoredProperties: e643bd26f0fe6173181afceb89e7c659 -> 
  custom:container-demuxer-ogg: 62fdf1f143b41e24485cea50d1cbac27 -> 
  custom:video-decoder-webm-vp8: 9c59270c3fd7afecdb556c50c9e8de78 -> 
  custom:audio-decoder-ogg-vorbis: bf7c407c2cedff20999df2af8eb42d56 -> 
  custom:AudioImporter_EditorPlatform: d09bf68614088b80899f8185d706f6e7 -> 
========================================================================
Received Import Request.
  Time since last request: 3115.232281 seconds.
  path: Assets/Components/Builder.prefab
  artifactKey: Guid(dc233e65d39cd32479f33577d4439c00) Importer(815301076,1909f56bfc062723c751e8b465ee728b)
Start importing Assets/Components/Builder.prefab using Guid(dc233e65d39cd32479f33577d4439c00) Importer(815301076,1909f56bfc062723c751e8b465ee728b) [PhysX] Initialized MultithreadedTaskDispatcher with 20 workers.
 -> (artifact id: 'f2cbb6c7886ad5621eab2037b47e8dfe') in 0.009435 seconds
Number of updated asset objects reloaded before import = 0
Number of asset objects unloaded after import = 0
========================================================================
Received Import Request.
  Time since last request: 0.000242 seconds.
  path: Assets/Components/WindowMove.prefab
  artifactKey: Guid(e7011803beb0ad747adac0b5c19f3c7c) Importer(815301076,1909f56bfc062723c751e8b465ee728b)
Start importing Assets/Components/WindowMove.prefab using Guid(e7011803beb0ad747adac0b5c19f3c7c) Importer(815301076,1909f56bfc062723c751e8b465ee728b) [PhysX] Initialized MultithreadedTaskDispatcher with 20 workers.
 -> (artifact id: 'fa2f846ba4cda11c5cd4b8647766b19b') in 0.001581 seconds
Number of updated asset objects reloaded before import = 0
Number of asset objects unloaded after import = 0
========================================================================
Received Import Request.
  Time since last request: 7.156545 seconds.
  path: Assets/Sprites/JanelaQuebrada.png
  artifactKey: Guid(21b4721e00318be45878776c7a70e9e0) Importer(815301076,1909f56bfc062723c751e8b465ee728b)
Start importing Assets/Sprites/JanelaQuebrada.png using Guid(21b4721e00318be45878776c7a70e9e0) Importer(815301076,1909f56bfc062723c751e8b465ee728b) [PhysX] Initialized MultithreadedTaskDispatcher with 20 workers.
[PhysX] Initialized MultithreadedTaskDispatcher with 20 workers.
 -> (artifact id: '2a69975dca78f97def3a08b279dc746e') in 0.066055 seconds
Number of updated asset objects reloaded before import = 0
Number of asset objects unloaded after import = 3
========================================================================
Received Prepare
Caller must complete domain reload
Begin MonoManager ReloadAssembly
- Loaded All Assemblies, in  0.317 seconds
Native extension for WindowsStandalone target not found
Native extension for WebGL target not found
Mono: successfully reloaded assembly
- Finished resetting the current domain, in  0.430 seconds
Domain Reload Profiling: 745ms
	BeginReloadAssembly (200ms)
		ExecutionOrderSort (0ms)
		DisableScriptedObjects (7ms)
		BackupInstance (0ms)
		ReleaseScriptingObjects (0ms)
		CreateAndSetChildDomain (26ms)
	RebuildCommonClasses (45ms)
	RebuildNativeTypeToScriptingClass (22ms)
	initialDomainReloadingComplete (36ms)
	LoadAllAssembliesAndSetupDomain (11ms)
		LoadAssemblies (132ms)
		RebuildTransferFunctionScriptingTraits (0ms)
		AnalyzeDomain (8ms)
			TypeCache.Refresh (6ms)
				TypeCache.ScanAssembly (0ms)
			ScanForSourceGeneratedMonoScriptInfo (0ms)
			ResolveRequiredComponents (0ms)
	FinalizeReload (431ms)
		ReleaseScriptCaches (0ms)
		RebuildScriptCaches (0ms)
		SetupLoadedEditorAssemblies (284ms)
			LogAssemblyErrors (0ms)
			InitializePlatformSupportModulesInManaged (11ms)
			SetLoadedEditorAssemblies (7ms)
			RefreshPlugins (0ms)
			BeforeProcessingInitializeOnLoad (37ms)
			ProcessInitializeOnLoadAttributes (192ms)
			ProcessInitializeOnLoadMethodAttributes (27ms)
			AfterProcessingInitializeOnLoad (10ms)
			EditorAssembliesLoaded (0ms)
		ExecutionOrderSort2 (0ms)
		AwakeInstancesAfterBackupRestoration (10ms)
Refreshing native plugins compatible for Editor in 0.00 ms, found 0 plugins.
Preloading 0 native plugins for Editor in 0.00 ms.
Unloading 4 Unused Serialized files (Serialized files now loaded: 0)
Unloading 0 unused Assets / (8.8 KB). Loaded Objects now: 493.
Memory consumption went from 53.3 MB to 53.3 MB.
Total: 2.228000 ms (FindLiveObjects: 0.040800 ms CreateObjectMapping: 0.003900 ms MarkObjects: 2.177100 ms  DeleteObjects: 0.005000 ms)

Prepare: number of updated asset objects reloaded= 0
AssetImportParameters requested are different than current active one (requested -> active):
  custom:video-decoder-ogg-theora: a1e56fd34408186e4bbccfd4996cb3dc -> 
  custom:container-muxer-webm: aa71ff27fc2769a1b78a27578f13a17b -> 
  custom:container-demuxer-webm: 4f35f7cbe854078d1ac9338744f61a02 -> 
  custom:video-encoder-webm-vp8: eb34c28f22e8b96e1ab97ce403110664 -> 
  custom:video-codec-MediaFoundation-h265: 746d11721c4dcdbdad8f713fa42b33f4 -> 
  custom:CustomObjectIndexerAttribute: 9a22284fe3817be447336de3de66b15e -> 
  custom:audio-encoder-webm-vorbis: bf7c407c2cedff20999df2af8eb42d56 -> 
  custom:framework-win-MediaFoundation: 216162199b28c13a410421893ffa2e32 -> 
  custom:SearchIndexIgnoredProperties: e643bd26f0fe6173181afceb89e7c659 -> 
  custom:container-demuxer-ogg: 62fdf1f143b41e24485cea50d1cbac27 -> 
  custom:video-decoder-webm-vp8: 9c59270c3fd7afecdb556c50c9e8de78 -> 
  custom:audio-decoder-ogg-vorbis: bf7c407c2cedff20999df2af8eb42d56 -> 
  custom:AudioImporter_EditorPlatform: d09bf68614088b80899f8185d706f6e7 -> 
========================================================================
Received Import Request.
  Time since last request: 58.475729 seconds.
  path: Assets/Components/Builder.prefab
  artifactKey: Guid(dc233e65d39cd32479f33577d4439c00) Importer(815301076,1909f56bfc062723c751e8b465ee728b)
Start importing Assets/Components/Builder.prefab using Guid(dc233e65d39cd32479f33577d4439c00) Importer(815301076,1909f56bfc062723c751e8b465ee728b) [PhysX] Initialized MultithreadedTaskDispatcher with 20 workers.
 -> (artifact id: 'f2cbb6c7886ad5621eab2037b47e8dfe') in 0.001496 seconds
Number of updated asset objects reloaded before import = 0
Number of asset objects unloaded after import = 0
========================================================================
Received Import Request.
  Time since last request: 7.732990 seconds.
  path: Assets/Components/Builder.prefab
  artifactKey: Guid(dc233e65d39cd32479f33577d4439c00) Importer(815301076,1909f56bfc062723c751e8b465ee728b)
Start importing Assets/Components/Builder.prefab using Guid(dc233e65d39cd32479f33577d4439c00) Importer(815301076,1909f56bfc062723c751e8b465ee728b) [PhysX] Initialized MultithreadedTaskDispatcher with 20 workers.
 -> (artifact id: 'f2cbb6c7886ad5621eab2037b47e8dfe') in 0.000409 seconds
Number of updated asset objects reloaded before import = 0
Number of asset objects unloaded after import = 0
========================================================================
Received Import Request.
  Time since last request: 12.045022 seconds.
  path: Assets/Components/Builder.prefab
  artifactKey: Guid(dc233e65d39cd32479f33577d4439c00) Importer(815301076,1909f56bfc062723c751e8b465ee728b)
Start importing Assets/Components/Builder.prefab using Guid(dc233e65d39cd32479f33577d4439c00) Importer(815301076,1909f56bfc062723c751e8b465ee728b) [PhysX] Initialized MultithreadedTaskDispatcher with 20 workers.
 -> (artifact id: 'f2cbb6c7886ad5621eab2037b47e8dfe') in 0.000422 seconds
Number of updated asset objects reloaded before import = 0
Number of asset objects unloaded after import = 0
========================================================================
Received Import Request.
  Time since last request: 0.796627 seconds.
  path: Assets/Components/Builder.prefab
  artifactKey: Guid(dc233e65d39cd32479f33577d4439c00) Importer(815301076,1909f56bfc062723c751e8b465ee728b)
Start importing Assets/Components/Builder.prefab using Guid(dc233e65d39cd32479f33577d4439c00) Importer(815301076,1909f56bfc062723c751e8b465ee728b) [PhysX] Initialized MultithreadedTaskDispatcher with 20 workers.
 -> (artifact id: 'f2cbb6c7886ad5621eab2037b47e8dfe') in 0.000409 seconds
Number of updated asset objects reloaded before import = 0
Number of asset objects unloaded after import = 0
========================================================================
Received Import Request.
  Time since last request: 8.636590 seconds.
  path: Assets/Components/Builder.prefab
  artifactKey: Guid(dc233e65d39cd32479f33577d4439c00) Importer(815301076,1909f56bfc062723c751e8b465ee728b)
Start importing Assets/Components/Builder.prefab using Guid(dc233e65d39cd32479f33577d4439c00) Importer(815301076,1909f56bfc062723c751e8b465ee728b) [PhysX] Initialized MultithreadedTaskDispatcher with 20 workers.
 -> (artifact id: 'f2cbb6c7886ad5621eab2037b47e8dfe') in 0.000391 seconds
Number of updated asset objects reloaded before import = 0
Number of asset objects unloaded after import = 0
========================================================================
Received Import Request.
  Time since last request: 10.643149 seconds.
  path: Assets/Components/Builder.prefab
  artifactKey: Guid(dc233e65d39cd32479f33577d4439c00) Importer(815301076,1909f56bfc062723c751e8b465ee728b)
Start importing Assets/Components/Builder.prefab using Guid(dc233e65d39cd32479f33577d4439c00) Importer(815301076,1909f56bfc062723c751e8b465ee728b) [PhysX] Initialized MultithreadedTaskDispatcher with 20 workers.
 -> (artifact id: 'f2cbb6c7886ad5621eab2037b47e8dfe') in 0.000396 seconds
Number of updated asset objects reloaded before import = 0
Number of asset objects unloaded after import = 0
========================================================================
Received Import Request.
  Time since last request: 3.007976 seconds.
  path: Assets/Components/Builder.prefab
  artifactKey: Guid(dc233e65d39cd32479f33577d4439c00) Importer(815301076,1909f56bfc062723c751e8b465ee728b)
Start importing Assets/Components/Builder.prefab using Guid(dc233e65d39cd32479f33577d4439c00) Importer(815301076,1909f56bfc062723c751e8b465ee728b) [PhysX] Initialized MultithreadedTaskDispatcher with 20 workers.
 -> (artifact id: 'f2cbb6c7886ad5621eab2037b47e8dfe') in 0.000404 seconds
Number of updated asset objects reloaded before import = 0
Number of asset objects unloaded after import = 0
========================================================================
Received Import Request.
  Time since last request: 0.000107 seconds.
  path: Assets/Components/WindowMove.prefab
  artifactKey: Guid(e7011803beb0ad747adac0b5c19f3c7c) Importer(815301076,1909f56bfc062723c751e8b465ee728b)
Start importing Assets/Components/WindowMove.prefab using Guid(e7011803beb0ad747adac0b5c19f3c7c) Importer(815301076,1909f56bfc062723c751e8b465ee728b) [PhysX] Initialized MultithreadedTaskDispatcher with 20 workers.
 -> (artifact id: '13e4acf471e59c349ce91a19ffdaf73c') in 0.000331 seconds
Number of updated asset objects reloaded before import = 0
Number of asset objects unloaded after import = 0
========================================================================
Received Import Request.
  Time since last request: 3.009931 seconds.
  path: Assets/Components/Builder.prefab
  artifactKey: Guid(dc233e65d39cd32479f33577d4439c00) Importer(815301076,1909f56bfc062723c751e8b465ee728b)
Start importing Assets/Components/Builder.prefab using Guid(dc233e65d39cd32479f33577d4439c00) Importer(815301076,1909f56bfc062723c751e8b465ee728b) [PhysX] Initialized MultithreadedTaskDispatcher with 20 workers.
 -> (artifact id: 'f2cbb6c7886ad5621eab2037b47e8dfe') in 0.000463 seconds
Number of updated asset objects reloaded before import = 0
Number of asset objects unloaded after import = 0
========================================================================
Received Import Request.
  Time since last request: 2.613027 seconds.
  path: Assets/Components/Builder.prefab
  artifactKey: Guid(dc233e65d39cd32479f33577d4439c00) Importer(815301076,1909f56bfc062723c751e8b465ee728b)
Start importing Assets/Components/Builder.prefab using Guid(dc233e65d39cd32479f33577d4439c00) Importer(815301076,1909f56bfc062723c751e8b465ee728b) [PhysX] Initialized MultithreadedTaskDispatcher with 20 workers.
 -> (artifact id: 'f2cbb6c7886ad5621eab2037b47e8dfe') in 0.000391 seconds
Number of updated asset objects reloaded before import = 0
Number of asset objects unloaded after import = 0
========================================================================
Received Prepare
Caller must complete domain reload
Begin MonoManager ReloadAssembly
- Loaded All Assemblies, in  0.147 seconds
Native extension for WindowsStandalone target not found
Native extension for WebGL target not found
Mono: successfully reloaded assembly
- Finished resetting the current domain, in  0.213 seconds
Domain Reload Profiling: 358ms
	BeginReloadAssembly (88ms)
		ExecutionOrderSort (0ms)
		DisableScriptedObjects (4ms)
		BackupInstance (0ms)
		ReleaseScriptingObjects (0ms)
		CreateAndSetChildDomain (12ms)
	RebuildCommonClasses (22ms)
	RebuildNativeTypeToScriptingClass (8ms)
	initialDomainReloadingComplete (22ms)
	LoadAllAssembliesAndSetupDomain (5ms)
		LoadAssemblies (53ms)
		RebuildTransferFunctionScriptingTraits (0ms)
		AnalyzeDomain (4ms)
			TypeCache.Refresh (3ms)
				TypeCache.ScanAssembly (0ms)
			ScanForSourceGeneratedMonoScriptInfo (0ms)
			ResolveRequiredComponents (0ms)
	FinalizeReload (213ms)
		ReleaseScriptCaches (0ms)
		RebuildScriptCaches (0ms)
		SetupLoadedEditorAssemblies (138ms)
			LogAssemblyErrors (0ms)
			InitializePlatformSupportModulesInManaged (6ms)
			SetLoadedEditorAssemblies (4ms)
			RefreshPlugins (0ms)
			BeforeProcessingInitializeOnLoad (19ms)
			ProcessInitializeOnLoadAttributes (93ms)
			ProcessInitializeOnLoadMethodAttributes (12ms)
			AfterProcessingInitializeOnLoad (5ms)
			EditorAssembliesLoaded (0ms)
		ExecutionOrderSort2 (0ms)
		AwakeInstancesAfterBackupRestoration (5ms)
Refreshing native plugins compatible for Editor in 0.00 ms, found 0 plugins.
Preloading 0 native plugins for Editor in 0.00 ms.
Unloading 4 Unused Serialized files (Serialized files now loaded: 0)
Unloading 0 unused Assets / (8.8 KB). Loaded Objects now: 493.
Memory consumption went from 53.3 MB to 53.3 MB.
Total: 1.568100 ms (FindLiveObjects: 0.049200 ms CreateObjectMapping: 0.003600 ms MarkObjects: 1.512500 ms  DeleteObjects: 0.002100 ms)

Prepare: number of updated asset objects reloaded= 0
AssetImportParameters requested are different than current active one (requested -> active):
  custom:video-decoder-ogg-theora: a1e56fd34408186e4bbccfd4996cb3dc -> 
  custom:container-muxer-webm: aa71ff27fc2769a1b78a27578f13a17b -> 
  custom:container-demuxer-webm: 4f35f7cbe854078d1ac9338744f61a02 -> 
  custom:video-encoder-webm-vp8: eb34c28f22e8b96e1ab97ce403110664 -> 
  custom:video-codec-MediaFoundation-h265: 746d11721c4dcdbdad8f713fa42b33f4 -> 
  custom:CustomObjectIndexerAttribute: 9a22284fe3817be447336de3de66b15e -> 
  custom:audio-encoder-webm-vorbis: bf7c407c2cedff20999df2af8eb42d56 -> 
  custom:framework-win-MediaFoundation: 216162199b28c13a410421893ffa2e32 -> 
  custom:SearchIndexIgnoredProperties: e643bd26f0fe6173181afceb89e7c659 -> 
  custom:container-demuxer-ogg: 62fdf1f143b41e24485cea50d1cbac27 -> 
  custom:video-decoder-webm-vp8: 9c59270c3fd7afecdb556c50c9e8de78 -> 
  custom:audio-decoder-ogg-vorbis: bf7c407c2cedff20999df2af8eb42d56 -> 
  custom:AudioImporter_EditorPlatform: d09bf68614088b80899f8185d706f6e7 -> 
========================================================================
Received Import Request.
  Time since last request: 14.575099 seconds.
  path: Assets/Components/Builder.prefab
  artifactKey: Guid(dc233e65d39cd32479f33577d4439c00) Importer(815301076,1909f56bfc062723c751e8b465ee728b)
Start importing Assets/Components/Builder.prefab using Guid(dc233e65d39cd32479f33577d4439c00) Importer(815301076,1909f56bfc062723c751e8b465ee728b) [PhysX] Initialized MultithreadedTaskDispatcher with 20 workers.
 -> (artifact id: 'f2cbb6c7886ad5621eab2037b47e8dfe') in 0.002559 seconds
Number of updated asset objects reloaded before import = 0
Number of asset objects unloaded after import = 0
========================================================================
Received Import Request.
  Time since last request: 12.418924 seconds.
  path: Assets/Components/Builder.prefab
  artifactKey: Guid(dc233e65d39cd32479f33577d4439c00) Importer(815301076,1909f56bfc062723c751e8b465ee728b)
Start importing Assets/Components/Builder.prefab using Guid(dc233e65d39cd32479f33577d4439c00) Importer(815301076,1909f56bfc062723c751e8b465ee728b) [PhysX] Initialized MultithreadedTaskDispatcher with 20 workers.
 -> (artifact id: 'f2cbb6c7886ad5621eab2037b47e8dfe') in 0.000439 seconds
Number of updated asset objects reloaded before import = 0
Number of asset objects unloaded after import = 0
========================================================================
Received Import Request.
  Time since last request: 35.891815 seconds.
  path: Assets/Components/Builder.prefab
  artifactKey: Guid(dc233e65d39cd32479f33577d4439c00) Importer(815301076,1909f56bfc062723c751e8b465ee728b)
Start importing Assets/Components/Builder.prefab using Guid(dc233e65d39cd32479f33577d4439c00) Importer(815301076,1909f56bfc062723c751e8b465ee728b) [PhysX] Initialized MultithreadedTaskDispatcher with 20 workers.
 -> (artifact id: 'f2cbb6c7886ad5621eab2037b47e8dfe') in 0.000426 seconds
Number of updated asset objects reloaded before import = 0
Number of asset objects unloaded after import = 0
========================================================================
Received Import Request.
  Time since last request: 24.551512 seconds.
  path: Assets/Components/Builder.prefab
  artifactKey: Guid(dc233e65d39cd32479f33577d4439c00) Importer(815301076,1909f56bfc062723c751e8b465ee728b)
Start importing Assets/Components/Builder.prefab using Guid(dc233e65d39cd32479f33577d4439c00) Importer(815301076,1909f56bfc062723c751e8b465ee728b) [PhysX] Initialized MultithreadedTaskDispatcher with 20 workers.
 -> (artifact id: 'f2cbb6c7886ad5621eab2037b47e8dfe') in 0.000462 seconds
Number of updated asset objects reloaded before import = 0
Number of asset objects unloaded after import = 0
========================================================================
Received Import Request.
  Time since last request: 25.603162 seconds.
  path: Assets/Components/Builder.prefab
  artifactKey: Guid(dc233e65d39cd32479f33577d4439c00) Importer(815301076,1909f56bfc062723c751e8b465ee728b)
Start importing Assets/Components/Builder.prefab using Guid(dc233e65d39cd32479f33577d4439c00) Importer(815301076,1909f56bfc062723c751e8b465ee728b) [PhysX] Initialized MultithreadedTaskDispatcher with 20 workers.
 -> (artifact id: 'f2cbb6c7886ad5621eab2037b47e8dfe') in 0.000467 seconds
Number of updated asset objects reloaded before import = 0
Number of asset objects unloaded after import = 0
========================================================================
Received Import Request.
  Time since last request: 227.751205 seconds.
  path: Assets/Components/Builder.prefab
  artifactKey: Guid(dc233e65d39cd32479f33577d4439c00) Importer(815301076,1909f56bfc062723c751e8b465ee728b)
Start importing Assets/Components/Builder.prefab using Guid(dc233e65d39cd32479f33577d4439c00) Importer(815301076,1909f56bfc062723c751e8b465ee728b) [PhysX] Initialized MultithreadedTaskDispatcher with 20 workers.
 -> (artifact id: 'f2cbb6c7886ad5621eab2037b47e8dfe') in 0.000585 seconds
Number of updated asset objects reloaded before import = 0
Number of asset objects unloaded after import = 0
========================================================================
Received Import Request.
  Time since last request: 12.865642 seconds.
  path: Assets/Components/Builder.prefab
  artifactKey: Guid(dc233e65d39cd32479f33577d4439c00) Importer(815301076,1909f56bfc062723c751e8b465ee728b)
Start importing Assets/Components/Builder.prefab using Guid(dc233e65d39cd32479f33577d4439c00) Importer(815301076,1909f56bfc062723c751e8b465ee728b) [PhysX] Initialized MultithreadedTaskDispatcher with 20 workers.
 -> (artifact id: 'f2cbb6c7886ad5621eab2037b47e8dfe') in 0.000382 seconds
Number of updated asset objects reloaded before import = 0
Number of asset objects unloaded after import = 0
========================================================================
Received Import Request.
  Time since last request: 16.947481 seconds.
  path: Assets/Components/Builder.prefab
  artifactKey: Guid(dc233e65d39cd32479f33577d4439c00) Importer(815301076,1909f56bfc062723c751e8b465ee728b)
Start importing Assets/Components/Builder.prefab using Guid(dc233e65d39cd32479f33577d4439c00) Importer(815301076,1909f56bfc062723c751e8b465ee728b) [PhysX] Initialized MultithreadedTaskDispatcher with 20 workers.
 -> (artifact id: 'f2cbb6c7886ad5621eab2037b47e8dfe') in 0.000458 seconds
Number of updated asset objects reloaded before import = 0
Number of asset objects unloaded after import = 0
========================================================================
Received Import Request.
  Time since last request: 2.208428 seconds.
  path: Assets/Components/Builder.prefab
  artifactKey: Guid(dc233e65d39cd32479f33577d4439c00) Importer(815301076,1909f56bfc062723c751e8b465ee728b)
Start importing Assets/Components/Builder.prefab using Guid(dc233e65d39cd32479f33577d4439c00) Importer(815301076,1909f56bfc062723c751e8b465ee728b) [PhysX] Initialized MultithreadedTaskDispatcher with 20 workers.
 -> (artifact id: 'f2cbb6c7886ad5621eab2037b47e8dfe') in 0.000420 seconds
Number of updated asset objects reloaded before import = 0
Number of asset objects unloaded after import = 0
========================================================================
Received Import Request.
  Time since last request: 0.000091 seconds.
  path: Assets/Components/WindowMove.prefab
  artifactKey: Guid(e7011803beb0ad747adac0b5c19f3c7c) Importer(815301076,1909f56bfc062723c751e8b465ee728b)
Start importing Assets/Components/WindowMove.prefab using Guid(e7011803beb0ad747adac0b5c19f3c7c) Importer(815301076,1909f56bfc062723c751e8b465ee728b) [PhysX] Initialized MultithreadedTaskDispatcher with 20 workers.
 -> (artifact id: 'b4977ebcce17d364c4814b104ecbb88c') in 0.000327 seconds
Number of updated asset objects reloaded before import = 0
Number of asset objects unloaded after import = 0
========================================================================
Received Prepare
Caller must complete domain reload
Begin MonoManager ReloadAssembly
- Loaded All Assemblies, in  0.145 seconds
Native extension for WindowsStandalone target not found
Native extension for WebGL target not found
Mono: successfully reloaded assembly
- Finished resetting the current domain, in  0.215 seconds
Domain Reload Profiling: 359ms
	BeginReloadAssembly (94ms)
		ExecutionOrderSort (0ms)
		DisableScriptedObjects (4ms)
		BackupInstance (0ms)
		ReleaseScriptingObjects (0ms)
		CreateAndSetChildDomain (13ms)
	RebuildCommonClasses (23ms)
	RebuildNativeTypeToScriptingClass (7ms)
	initialDomainReloadingComplete (16ms)
	LoadAllAssembliesAndSetupDomain (5ms)
		LoadAssemblies (56ms)
		RebuildTransferFunctionScriptingTraits (0ms)
		AnalyzeDomain (3ms)
			TypeCache.Refresh (2ms)
				TypeCache.ScanAssembly (0ms)
			ScanForSourceGeneratedMonoScriptInfo (0ms)
			ResolveRequiredComponents (0ms)
	FinalizeReload (215ms)
		ReleaseScriptCaches (0ms)
		RebuildScriptCaches (0ms)
		SetupLoadedEditorAssemblies (138ms)
			LogAssemblyErrors (0ms)
			InitializePlatformSupportModulesInManaged (5ms)
			SetLoadedEditorAssemblies (4ms)
			RefreshPlugins (0ms)
			BeforeProcessingInitializeOnLoad (20ms)
			ProcessInitializeOnLoadAttributes (93ms)
			ProcessInitializeOnLoadMethodAttributes (12ms)
			AfterProcessingInitializeOnLoad (4ms)
			EditorAssembliesLoaded (0ms)
		ExecutionOrderSort2 (0ms)
		AwakeInstancesAfterBackupRestoration (4ms)
Refreshing native plugins compatible for Editor in 0.00 ms, found 0 plugins.
Preloading 0 native plugins for Editor in 0.00 ms.
Unloading 4 Unused Serialized files (Serialized files now loaded: 0)
Unloading 0 unused Assets / (8.8 KB). Loaded Objects now: 493.
Memory consumption went from 53.3 MB to 53.3 MB.
Total: 1.540100 ms (FindLiveObjects: 0.025900 ms CreateObjectMapping: 0.003000 ms MarkObjects: 1.507400 ms  DeleteObjects: 0.002800 ms)

Prepare: number of updated asset objects reloaded= 0
AssetImportParameters requested are different than current active one (requested -> active):
  custom:video-decoder-ogg-theora: a1e56fd34408186e4bbccfd4996cb3dc -> 
  custom:container-muxer-webm: aa71ff27fc2769a1b78a27578f13a17b -> 
  custom:container-demuxer-webm: 4f35f7cbe854078d1ac9338744f61a02 -> 
  custom:video-encoder-webm-vp8: eb34c28f22e8b96e1ab97ce403110664 -> 
  custom:video-codec-MediaFoundation-h265: 746d11721c4dcdbdad8f713fa42b33f4 -> 
  custom:CustomObjectIndexerAttribute: 9a22284fe3817be447336de3de66b15e -> 
  custom:audio-encoder-webm-vorbis: bf7c407c2cedff20999df2af8eb42d56 -> 
  custom:framework-win-MediaFoundation: 216162199b28c13a410421893ffa2e32 -> 
  custom:SearchIndexIgnoredProperties: e643bd26f0fe6173181afceb89e7c659 -> 
  custom:container-demuxer-ogg: 62fdf1f143b41e24485cea50d1cbac27 -> 
  custom:video-decoder-webm-vp8: 9c59270c3fd7afecdb556c50c9e8de78 -> 
  custom:audio-decoder-ogg-vorbis: bf7c407c2cedff20999df2af8eb42d56 -> 
  custom:AudioImporter_EditorPlatform: d09bf68614088b80899f8185d706f6e7 -> 
========================================================================
Received Import Request.
  Time since last request: 3.501409 seconds.
  path: Assets/Components/WindowMove.prefab
  artifactKey: Guid(e7011803beb0ad747adac0b5c19f3c7c) Importer(815301076,1909f56bfc062723c751e8b465ee728b)
Start importing Assets/Components/WindowMove.prefab using Guid(e7011803beb0ad747adac0b5c19f3c7c) Importer(815301076,1909f56bfc062723c751e8b465ee728b) [PhysX] Initialized MultithreadedTaskDispatcher with 20 workers.
 -> (artifact id: 'b4977ebcce17d364c4814b104ecbb88c') in 0.001562 seconds
Number of updated asset objects reloaded before import = 0
Number of asset objects unloaded after import = 0
========================================================================
Received Import Request.
  Time since last request: 6.593704 seconds.
  path: Assets/Components/Builder.prefab
  artifactKey: Guid(dc233e65d39cd32479f33577d4439c00) Importer(815301076,1909f56bfc062723c751e8b465ee728b)
Start importing Assets/Components/Builder.prefab using Guid(dc233e65d39cd32479f33577d4439c00) Importer(815301076,1909f56bfc062723c751e8b465ee728b) [PhysX] Initialized MultithreadedTaskDispatcher with 20 workers.
 -> (artifact id: 'f2cbb6c7886ad5621eab2037b47e8dfe') in 0.000414 seconds
Number of updated asset objects reloaded before import = 0
Number of asset objects unloaded after import = 0
========================================================================
Received Import Request.
  Time since last request: 4.435365 seconds.
  path: Assets/Components/Builder.prefab
  artifactKey: Guid(dc233e65d39cd32479f33577d4439c00) Importer(815301076,1909f56bfc062723c751e8b465ee728b)
Start importing Assets/Components/Builder.prefab using Guid(dc233e65d39cd32479f33577d4439c00) Importer(815301076,1909f56bfc062723c751e8b465ee728b) [PhysX] Initialized MultithreadedTaskDispatcher with 20 workers.
 -> (artifact id: 'f2cbb6c7886ad5621eab2037b47e8dfe') in 0.000505 seconds
Number of updated asset objects reloaded before import = 0
Number of asset objects unloaded after import = 0
========================================================================
Received Import Request.
  Time since last request: 17.442660 seconds.
  path: Assets/Components/Builder.prefab
  artifactKey: Guid(dc233e65d39cd32479f33577d4439c00) Importer(815301076,1909f56bfc062723c751e8b465ee728b)
Start importing Assets/Components/Builder.prefab using Guid(dc233e65d39cd32479f33577d4439c00) Importer(815301076,1909f56bfc062723c751e8b465ee728b) [PhysX] Initialized MultithreadedTaskDispatcher with 20 workers.
 -> (artifact id: '38dfd405028ed16b6cbbf322090aba9f') in 0.000447 seconds
Number of updated asset objects reloaded before import = 0
Number of asset objects unloaded after import = 0
========================================================================
Received Import Request.
  Time since last request: 0.000097 seconds.
  path: Assets/Components/WindowMove.prefab
  artifactKey: Guid(e7011803beb0ad747adac0b5c19f3c7c) Importer(815301076,1909f56bfc062723c751e8b465ee728b)
Start importing Assets/Components/WindowMove.prefab using Guid(e7011803beb0ad747adac0b5c19f3c7c) Importer(815301076,1909f56bfc062723c751e8b465ee728b) [PhysX] Initialized MultithreadedTaskDispatcher with 20 workers.
 -> (artifact id: 'b4977ebcce17d364c4814b104ecbb88c') in 0.000302 seconds
Number of updated asset objects reloaded before import = 0
Number of asset objects unloaded after import = 0
========================================================================
Received Prepare
Caller must complete domain reload
Begin MonoManager ReloadAssembly
- Loaded All Assemblies, in  0.145 seconds
Native extension for WindowsStandalone target not found
Native extension for WebGL target not found
Mono: successfully reloaded assembly
- Finished resetting the current domain, in  0.208 seconds
Domain Reload Profiling: 352ms
	BeginReloadAssembly (93ms)
		ExecutionOrderSort (0ms)
		DisableScriptedObjects (3ms)
		BackupInstance (0ms)
		ReleaseScriptingObjects (0ms)
		CreateAndSetChildDomain (13ms)
	RebuildCommonClasses (25ms)
	RebuildNativeTypeToScriptingClass (7ms)
	initialDomainReloadingComplete (15ms)
	LoadAllAssembliesAndSetupDomain (4ms)
		LoadAssemblies (56ms)
		RebuildTransferFunctionScriptingTraits (0ms)
		AnalyzeDomain (3ms)
			TypeCache.Refresh (2ms)
				TypeCache.ScanAssembly (0ms)
			ScanForSourceGeneratedMonoScriptInfo (0ms)
			ResolveRequiredComponents (0ms)
	FinalizeReload (208ms)
		ReleaseScriptCaches (0ms)
		RebuildScriptCaches (0ms)
		SetupLoadedEditorAssemblies (134ms)
			LogAssemblyErrors (0ms)
			InitializePlatformSupportModulesInManaged (5ms)
			SetLoadedEditorAssemblies (4ms)
			RefreshPlugins (0ms)
			BeforeProcessingInitializeOnLoad (17ms)
			ProcessInitializeOnLoadAttributes (92ms)
			ProcessInitializeOnLoadMethodAttributes (12ms)
			AfterProcessingInitializeOnLoad (4ms)
			EditorAssembliesLoaded (0ms)
		ExecutionOrderSort2 (0ms)
		AwakeInstancesAfterBackupRestoration (4ms)
Refreshing native plugins compatible for Editor in 0.00 ms, found 0 plugins.
Preloading 0 native plugins for Editor in 0.00 ms.
Unloading 4 Unused Serialized files (Serialized files now loaded: 0)
Unloading 0 unused Assets / (8.8 KB). Loaded Objects now: 493.
Memory consumption went from 53.3 MB to 53.3 MB.
Total: 1.414600 ms (FindLiveObjects: 0.022700 ms CreateObjectMapping: 0.003500 ms MarkObjects: 1.386000 ms  DeleteObjects: 0.001700 ms)

Prepare: number of updated asset objects reloaded= 0
AssetImportParameters requested are different than current active one (requested -> active):
  custom:video-decoder-ogg-theora: a1e56fd34408186e4bbccfd4996cb3dc -> 
  custom:container-muxer-webm: aa71ff27fc2769a1b78a27578f13a17b -> 
  custom:container-demuxer-webm: 4f35f7cbe854078d1ac9338744f61a02 -> 
  custom:video-encoder-webm-vp8: eb34c28f22e8b96e1ab97ce403110664 -> 
  custom:video-codec-MediaFoundation-h265: 746d11721c4dcdbdad8f713fa42b33f4 -> 
  custom:CustomObjectIndexerAttribute: 9a22284fe3817be447336de3de66b15e -> 
  custom:audio-encoder-webm-vorbis: bf7c407c2cedff20999df2af8eb42d56 -> 
  custom:framework-win-MediaFoundation: 216162199b28c13a410421893ffa2e32 -> 
  custom:SearchIndexIgnoredProperties: e643bd26f0fe6173181afceb89e7c659 -> 
  custom:container-demuxer-ogg: 62fdf1f143b41e24485cea50d1cbac27 -> 
  custom:video-decoder-webm-vp8: 9c59270c3fd7afecdb556c50c9e8de78 -> 
  custom:audio-decoder-ogg-vorbis: bf7c407c2cedff20999df2af8eb42d56 -> 
  custom:AudioImporter_EditorPlatform: d09bf68614088b80899f8185d706f6e7 -> 
========================================================================
Received Import Request.
  Time since last request: 2.845820 seconds.
  path: Assets/Components/WindowMove.prefab
  artifactKey: Guid(e7011803beb0ad747adac0b5c19f3c7c) Importer(815301076,1909f56bfc062723c751e8b465ee728b)
Start importing Assets/Components/WindowMove.prefab using Guid(e7011803beb0ad747adac0b5c19f3c7c) Importer(815301076,1909f56bfc062723c751e8b465ee728b) [PhysX] Initialized MultithreadedTaskDispatcher with 20 workers.
 -> (artifact id: 'b4977ebcce17d364c4814b104ecbb88c') in 0.001489 seconds
Number of updated asset objects reloaded before import = 0
Number of asset objects unloaded after import = 0
========================================================================
Received Import Request.
  Time since last request: 7.939690 seconds.
  path: Assets/Components/Builder.prefab
  artifactKey: Guid(dc233e65d39cd32479f33577d4439c00) Importer(815301076,1909f56bfc062723c751e8b465ee728b)
Start importing Assets/Components/Builder.prefab using Guid(dc233e65d39cd32479f33577d4439c00) Importer(815301076,1909f56bfc062723c751e8b465ee728b) [PhysX] Initialized MultithreadedTaskDispatcher with 20 workers.
 -> (artifact id: '8857721338cc849a0fe309e0563d0e7e') in 0.000392 seconds
Number of updated asset objects reloaded before import = 0
Number of asset objects unloaded after import = 0
========================================================================
Received Prepare
Caller must complete domain reload
Begin MonoManager ReloadAssembly
- Loaded All Assemblies, in  0.146 seconds
Native extension for WindowsStandalone target not found
Native extension for WebGL target not found
Mono: successfully reloaded assembly
- Finished resetting the current domain, in  0.212 seconds
Domain Reload Profiling: 356ms
	BeginReloadAssembly (94ms)
		ExecutionOrderSort (0ms)
		DisableScriptedObjects (4ms)
		BackupInstance (0ms)
		ReleaseScriptingObjects (0ms)
		CreateAndSetChildDomain (12ms)
	RebuildCommonClasses (22ms)
	RebuildNativeTypeToScriptingClass (7ms)
	initialDomainReloadingComplete (16ms)
	LoadAllAssembliesAndSetupDomain (5ms)
		LoadAssemblies (58ms)
		RebuildTransferFunctionScriptingTraits (0ms)
		AnalyzeDomain (4ms)
			TypeCache.Refresh (3ms)
				TypeCache.ScanAssembly (0ms)
			ScanForSourceGeneratedMonoScriptInfo (0ms)
			ResolveRequiredComponents (0ms)
	FinalizeReload (212ms)
		ReleaseScriptCaches (0ms)
		RebuildScriptCaches (0ms)
		SetupLoadedEditorAssemblies (138ms)
			LogAssemblyErrors (0ms)
			InitializePlatformSupportModulesInManaged (5ms)
			SetLoadedEditorAssemblies (4ms)
			RefreshPlugins (0ms)
			BeforeProcessingInitializeOnLoad (20ms)
			ProcessInitializeOnLoadAttributes (93ms)
			ProcessInitializeOnLoadMethodAttributes (12ms)
			AfterProcessingInitializeOnLoad (4ms)
			EditorAssembliesLoaded (0ms)
		ExecutionOrderSort2 (0ms)
		AwakeInstancesAfterBackupRestoration (4ms)
Refreshing native plugins compatible for Editor in 0.00 ms, found 0 plugins.
Preloading 0 native plugins for Editor in 0.00 ms.
Unloading 4 Unused Serialized files (Serialized files now loaded: 0)
Unloading 0 unused Assets / (8.8 KB). Loaded Objects now: 493.
Memory consumption went from 53.3 MB to 53.3 MB.
Total: 1.475900 ms (FindLiveObjects: 0.023600 ms CreateObjectMapping: 0.002400 ms MarkObjects: 1.447300 ms  DeleteObjects: 0.001900 ms)

Prepare: number of updated asset objects reloaded= 0
AssetImportParameters requested are different than current active one (requested -> active):
  custom:video-decoder-ogg-theora: a1e56fd34408186e4bbccfd4996cb3dc -> 
  custom:container-muxer-webm: aa71ff27fc2769a1b78a27578f13a17b -> 
  custom:container-demuxer-webm: 4f35f7cbe854078d1ac9338744f61a02 -> 
  custom:video-encoder-webm-vp8: eb34c28f22e8b96e1ab97ce403110664 -> 
  custom:video-codec-MediaFoundation-h265: 746d11721c4dcdbdad8f713fa42b33f4 -> 
  custom:CustomObjectIndexerAttribute: 9a22284fe3817be447336de3de66b15e -> 
  custom:audio-encoder-webm-vorbis: bf7c407c2cedff20999df2af8eb42d56 -> 
  custom:framework-win-MediaFoundation: 216162199b28c13a410421893ffa2e32 -> 
  custom:SearchIndexIgnoredProperties: e643bd26f0fe6173181afceb89e7c659 -> 
  custom:container-demuxer-ogg: 62fdf1f143b41e24485cea50d1cbac27 -> 
  custom:video-decoder-webm-vp8: 9c59270c3fd7afecdb556c50c9e8de78 -> 
  custom:audio-decoder-ogg-vorbis: bf7c407c2cedff20999df2af8eb42d56 -> 
  custom:AudioImporter_EditorPlatform: d09bf68614088b80899f8185d706f6e7 -> 
========================================================================
Received Import Request.
  Time since last request: 2.338036 seconds.
  path: Assets/Components/WindowMove.prefab
  artifactKey: Guid(e7011803beb0ad747adac0b5c19f3c7c) Importer(815301076,1909f56bfc062723c751e8b465ee728b)
Start importing Assets/Components/WindowMove.prefab using Guid(e7011803beb0ad747adac0b5c19f3c7c) Importer(815301076,1909f56bfc062723c751e8b465ee728b) [PhysX] Initialized MultithreadedTaskDispatcher with 20 workers.
 -> (artifact id: 'b4977ebcce17d364c4814b104ecbb88c') in 0.001477 seconds
Number of updated asset objects reloaded before import = 0
Number of asset objects unloaded after import = 0
========================================================================
Received Import Request.
  Time since last request: 32.452542 seconds.
  path: Assets/Components/Builder.prefab
  artifactKey: Guid(dc233e65d39cd32479f33577d4439c00) Importer(815301076,1909f56bfc062723c751e8b465ee728b)
Start importing Assets/Components/Builder.prefab using Guid(dc233e65d39cd32479f33577d4439c00) Importer(815301076,1909f56bfc062723c751e8b465ee728b) [PhysX] Initialized MultithreadedTaskDispatcher with 20 workers.
 -> (artifact id: '8857721338cc849a0fe309e0563d0e7e') in 0.000437 seconds
Number of updated asset objects reloaded before import = 0
Number of asset objects unloaded after import = 0
